CustomerID,Value_segment
14646,Top 1%
18102,Top 1%
17450,Top 1%
14911,Top 1%
12415,Top 1%
14156,Top 1%
17511,Top 1%
16684,Top 1%
13694,Top 1%
15311,Top 1%
16029,Top 1%
13089,Top 1%
15061,Top 1%
14096,Top 1%
17949,Top 1%
15769,Top 1%
14298,Top 1%
14088,Top 1%
17841,Top 1%
15098,Top 1%
13798,Top 1%
16422,Top 1%
12931,Top 1%
16013,Top 1%
15838,Top 1%
17389,Top 1%
12748,Top 1%
17404,Top 1%
13098,Top 1%
13081,Top 1%
13408,Top 1%
14680,Top 1%
16333,Top 1%
13777,Top 1%
17857,Top 1%
15749,Top 1%
16210,Top 1%
12753,Top 1%
17381,Top 1%
17675,Top 1%
15039,Top 1%
12731,Top 1%
15159,Top 1%
17428,Top 1%
13881,95–99%
13767,95–99%
12921,95–99%
12471,95–99%
12901,95–99%
12678,95–99%
17677,95–99%
15856,95–99%
15189,95–99%
14051,95–99%
16839,95–99%
14031,95–99%
15513,95–99%
16133,95–99%
14866,95–99%
16705,95–99%
12433,95–99%
15498,95–99%
12477,95–99%
17735,95–99%
14258,95–99%
15640,95–99%
13078,95–99%
16000,95–99%
12621,95–99%
12681,95–99%
17340,95–99%
12557,95–99%
16525,95–99%
12939,95–99%
14606,95–99%
12540,95–99%
14194,95–99%
15125,95–99%
12409,95–99%
12682,95–99%
14895,95–99%
12971,95–99%
13340,95–99%
17581,95–99%
13319,95–99%
14769,95–99%
17139,95–99%
13113,95–99%
14062,95–99%
16779,95–99%
17107,95–99%
15615,95–99%
15251,95–99%
16180,95–99%
16843,95–99%
17865,95–99%
17706,95–99%
13001,95–99%
14607,95–99%
13199,95–99%
15078,95–99%
13458,95–99%
14733,95–99%
12590,95–99%
16523,95–99%
14667,95–99%
14367,95–99%
12744,95–99%
18092,95–99%
12709,95–99%
13969,95–99%
13488,95–99%
12451,95–99%
16033,95–99%
13090,95–99%
17243,95–99%
17306,95–99%
17017,95–99%
16656,95–99%
14527,95–99%
18139,95–99%
12567,95–99%
16558,95–99%
15358,95–99%
14056,95–99%
16672,95–99%
14936,95–99%
13854,95–99%
18109,95–99%
14952,95–99%
14849,95–99%
14796,95–99%
12435,95–99%
15290,95–99%
13629,95–99%
13093,95–99%
17811,95–99%
15044,95–99%
15194,95–99%
18172,95–99%
13263,95–99%
12683,95–99%
17396,95–99%
18229,95–99%
13018,95–99%
16745,95–99%
12980,95–99%
16729,95–99%
13324,95–99%
16873,95–99%
13985,95–99%
14961,95–99%
12798,95–99%
15465,95–99%
13027,95–99%
12989,95–99%
16187,95–99%
16713,95–99%
17416,95–99%
12830,95–99%
18055,95–99%
16532,95–99%
15601,95–99%
15023,95–99%
13576,95–99%
16746,95–99%
16353,95–99%
16923,95–99%
15249,95–99%
16652,95–99%
12583,95–99%
16182,95–99%
17338,95–99%
15144,95–99%
15482,95–99%
16814,95–99%
12474,95–99%
12766,95–99%
15694,95–99%
13871,95–99%
12428,95–99%
13102,95–99%
12705,95–99%
18223,95–99%
12431,95–99%
16126,95–99%
13709,95–99%
12359,95–99%
13668,95–99%
12357,95–99%
15005,95–99%
17315,95–99%
14057,95–99%
14060,95–99%
17509,95–99%
15939,95–99%
13225,95–99%
13316,95–99%
14101,95–99%
15382,95–99%
13097,95–99%
13418,95–99%
14944,95–99%
13209,95–99%
14505,95–99%
14415,95–99%
12637,95–99%
14735,95–99%
15218,95–99%
17686,95–99%
12472,95–99%
13178,95–99%
12626,95–99%
13050,95–99%
14110,95–99%
16553,95–99%
13468,95–99%
14049,95–99%
12476,95–99%
13004,80–95%
13534,80–95%
17049,80–95%
18118,80–95%
12839,80–95%
17757,80–95%
16767,80–95%
12539,80–95%
15502,80–95%
17716,80–95%
16985,80–95%
15805,80–95%
16609,80–95%
16161,80–95%
17719,80–95%
18225,80–95%
17809,80–95%
16265,80–95%
13269,80–95%
16303,80–95%
15150,80–95%
17730,80–95%
17850,80–95%
16258,80–95%
18226,80–95%
15727,80–95%
17858,80–95%
16701,80–95%
13756,80–95%
15903,80–95%
17061,80–95%
14688,80–95%
18198,80–95%
12720,80–95%
13139,80–95%
17602,80–95%
15046,80–95%
15719,80–95%
16700,80–95%
13599,80–95%
15301,80–95%
17426,80–95%
12481,80–95%
14755,80–95%
15547,80–95%
14329,80–95%
16191,80–95%
13941,80–95%
14709,80–95%
17133,80–95%
12688,80–95%
12490,80–95%
15786,80–95%
14292,80–95%
17365,80–95%
15738,80–95%
13013,80–95%
15555,80–95%
17690,80–95%
17652,80–95%
12955,80–95%
14562,80–95%
16722,80–95%
14135,80–95%
15152,80–95%
14159,80–95%
12362,80–95%
14191,80–95%
15187,80–95%
14180,80–95%
14189,80–95%
16931,80–95%
14286,80–95%
14390,80–95%
14004,80–95%
15291,80–95%
12700,80–95%
17068,80–95%
17613,80–95%
15032,80–95%
17364,80–95%
14085,80–95%
15093,80–95%
13267,80–95%
12437,80–95%
16984,80–95%
12664,80–95%
17975,80–95%
15955,80–95%
16626,80–95%
12752,80–95%
12432,80–95%
16945,80–95%
15874,80–95%
18251,80–95%
12347,80–95%
17937,80–95%
12714,80–95%
14016,80–95%
15034,80–95%
14525,80–95%
14422,80–95%
14800,80–95%
17419,80–95%
12747,80–95%
15971,80–95%
17920,80–95%
12757,80–95%
18041,80–95%
16549,80–95%
12536,80–95%
13555,80–95%
12949,80–95%
13384,80–95%
15570,80–95%
13988,80–95%
12444,80–95%
12627,80–95%
14534,80–95%
16592,80–95%
16401,80–95%
14092,80–95%
14401,80–95%
12500,80–95%
16670,80–95%
17567,80–95%
12378,80–95%
16186,80–95%
12867,80–95%
17001,80–95%
14547,80–95%
12957,80–95%
15416,80–95%
15529,80–95%
17769,80–95%
13183,80–95%
17611,80–95%
12524,80–95%
17377,80–95%
14277,80–95%
14426,80–95%
17593,80–95%
12484,80–95%
13802,80–95%
15299,80–95%
14739,80–95%
17651,80–95%
12841,80–95%
14291,80–95%
12779,80–95%
13124,80–95%
13999,80–95%
18073,80–95%
15195,80–95%
15804,80–95%
12749,80–95%
16327,80–95%
17091,80–95%
16655,80–95%
13435,80–95%
12712,80–95%
15867,80–95%
15298,80–95%
16168,80–95%
17173,80–95%
13523,80–95%
17238,80–95%
16145,80–95%
16904,80–95%
14282,80–95%
15808,80–95%
13069,80–95%
13266,80–95%
14364,80–95%
16240,80–95%
16253,80–95%
17819,80–95%
13815,80–95%
18079,80–95%
15845,80–95%
13137,80–95%
16440,80–95%
16712,80–95%
15379,80–95%
13381,80–95%
16570,80–95%
13327,80–95%
15296,80–95%
16242,80–95%
12449,80–95%
13082,80–95%
14132,80–95%
17203,80–95%
15484,80–95%
13426,80–95%
12656,80–95%
14040,80–95%
14503,80–95%
15544,80–95%
17491,80–95%
17528,80–95%
13552,80–95%
13334,80–95%
13505,80–95%
17160,80–95%
13953,80–95%
12662,80–95%
16131,80–95%
15505,80–95%
16458,80–95%
14907,80–95%
14395,80–95%
17230,80–95%
13448,80–95%
17576,80–95%
17758,80–95%
15410,80–95%
16019,80–95%
13536,80–95%
15129,80–95%
15113,80–95%
15974,80–95%
14221,80–95%
12727,80–95%
12370,80–95%
16360,80–95%
13993,80–95%
15981,80–95%
13437,80–95%
17669,80–95%
12429,80–95%
12562,80–95%
13842,80–95%
13198,80–95%
15228,80–95%
17725,80–95%
13014,80–95%
16011,80–95%
13148,80–95%
13015,80–95%
15708,80–95%
15676,80–95%
16818,80–95%
14227,80–95%
16556,80–95%
13373,80–95%
14841,80–95%
17183,80–95%
12406,80–95%
16717,80–95%
17723,80–95%
14702,80–95%
13952,80–95%
15764,80–95%
12553,80–95%
17050,80–95%
15622,80–95%
13880,80–95%
15443,80–95%
12594,80–95%
16107,80–95%
17220,80–95%
13868,80–95%
17685,80–95%
13758,80–95%
14844,80–95%
14388,80–95%
16837,80–95%
16041,80–95%
17863,80–95%
12417,80–95%
14145,80–95%
15632,80–95%
13268,80–95%
15065,80–95%
12569,80–95%
17231,80–95%
13685,80–95%
12668,80–95%
14175,80–95%
17672,80–95%
13869,80–95%
13742,80–95%
13135,80–95%
17059,80–95%
12647,80–95%
14235,80–95%
14099,80–95%
15491,80–95%
13047,80–95%
14257,80–95%
16326,80–95%
13362,80–95%
16905,80–95%
15998,80–95%
12910,80–95%
12597,80–95%
18272,80–95%
16218,80–95%
16940,80–95%
14456,80–95%
16686,80–95%
12643,80–95%
16607,80–95%
16156,80–95%
16709,80–95%
17799,80–95%
16678,80–95%
13631,80–95%
18094,80–95%
12754,80–95%
15861,80–95%
12502,80–95%
14307,80–95%
12916,80–95%
15687,80–95%
15854,80–95%
13520,80–95%
12613,80–95%
16497,80–95%
15514,80–95%
17659,80–95%
14639,80–95%
17084,80–95%
14146,80–95%
14543,80–95%
16393,80–95%
14868,80–95%
14032,80–95%
14530,80–95%
14565,80–95%
17512,80–95%
12906,80–95%
18087,80–95%
13451,80–95%
12619,80–95%
17924,80–95%
18144,80–95%
12480,80–95%
15673,80–95%
14251,80–95%
16633,80–95%
14005,80–95%
13901,80–95%
15628,80–95%
18145,80–95%
17728,80–95%
14299,80–95%
14535,80–95%
14711,80–95%
14852,80–95%
17596,80–95%
15984,80–95%
13174,80–95%
16081,80–95%
14572,80–95%
12758,80–95%
12598,80–95%
17739,80–95%
12388,80–95%
14112,80–95%
16928,80–95%
13769,80–95%
17644,80–95%
15356,80–95%
13735,80–95%
13230,80–95%
16871,80–95%
15114,80–95%
16764,80–95%
14626,80–95%
16316,80–95%
13870,80–95%
14854,80–95%
15993,80–95%
17504,80–95%
14903,80–95%
17213,80–95%
14125,80–95%
14121,80–95%
16003,80–95%
12670,80–95%
18230,80–95%
12840,80–95%
13285,80–95%
15796,80–95%
13654,80–95%
13971,80–95%
15521,80–95%
18097,80–95%
14107,80–95%
17386,80–95%
14732,80–95%
14713,80–95%
12395,80–95%
14439,80–95%
17069,80–95%
13851,80–95%
15321,80–95%
15696,80–95%
13804,80–95%
15671,80–95%
18077,80–95%
13771,80–95%
16618,80–95%
15752,80–95%
17965,80–95%
18210,80–95%
14262,80–95%
12836,80–95%
17346,80–95%
16255,80–95%
16241,80–95%
14408,80–95%
13422,80–95%
17402,80–95%
13644,80–95%
16919,80–95%
18260,80–95%
15782,80–95%
13983,80–95%
13895,80–95%
12408,80–95%
13021,80–95%
13911,80–95%
12685,80–95%
15485,80–95%
17655,80–95%
15033,80–95%
16308,80–95%
14397,80–95%
12473,80–95%
12456,80–95%
15572,80–95%
13136,80–95%
13344,80–95%
14676,80–95%
13883,80–95%
14334,80–95%
18075,80–95%
14243,80–95%
16912,80–95%
13471,80–95%
17317,80–95%
15245,80–95%
17314,80–95%
17700,80–95%
18245,80–95%
13695,80–95%
13975,80–95%
17449,80–95%
16477,80–95%
12356,80–95%
14546,80–95%
14701,80–95%
15271,80–95%
12913,80–95%
16710,80–95%
13507,80–95%
12438,80–95%
17164,80–95%
17131,80–95%
13784,80–95%
15932,80–95%
17682,80–95%
14315,80–95%
14842,80–95%
14659,80–95%
15750,80–95%
13588,80–95%
14163,80–95%
13949,80–95%
12380,80–95%
14766,80–95%
15606,80–95%
13658,80–95%
15089,80–95%
16143,80–95%
15527,80–95%
12726,80–95%
17589,80–95%
15980,80–95%
17444,80–95%
13141,80–95%
17071,80–95%
14554,80–95%
17722,80–95%
17530,80–95%
18065,80–95%
14930,80–95%
13722,80–95%
14493,80–95%
12625,80–95%
17634,80–95%
12578,80–95%
15370,80–95%
14030,80–95%
12721,80–95%
14440,80–95%
15140,80–95%
14502,80–95%
12708,80–95%
12455,80–95%
18259,80–95%
17434,80–95%
14239,80–95%
17744,80–95%
14309,80–95%
15755,80–95%
13394,80–95%
13994,80–95%
17838,80–95%
12600,80–95%
14290,80–95%
15288,80–95%
15785,80–95%
12360,80–95%
14808,80–95%
17211,80–95%
15105,80–95%
15270,80–95%
13908,80–95%
17954,80–95%
13704,80–95%
12520,80–95%
15704,80–95%
17313,80–95%
12517,80–95%
17188,80–95%
18257,80–95%
17768,80–95%
14466,80–95%
16735,80–95%
16550,80–95%
13700,80–95%
13527,80–95%
16209,80–95%
14432,80–95%
15235,80–95%
16782,80–95%
15665,80–95%
15281,80–95%
17940,80–95%
16293,80–95%
14700,80–95%
16771,80–95%
18242,80–95%
14825,80–95%
12755,80–95%
17591,80–95%
12397,80–95%
15373,80–95%
17442,80–95%
12653,80–95%
14211,80–95%
13115,80–95%
13831,80–95%
13680,80–95%
14226,80–95%
17696,80–95%
15123,80–95%
14776,80–95%
15797,80–95%
16743,80–95%
13365,80–95%
13862,80–95%
15179,80–95%
15394,80–95%
16628,80–95%
15722,80–95%
14560,80–95%
16076,80–95%
15811,80–95%
14341,80–95%
12856,80–95%
16456,80–95%
12935,80–95%
13755,80–95%
16966,80–95%
13224,80–95%
17272,80–95%
16057,80–95%
13317,80–95%
14828,80–95%
16379,80–95%
17400,80–95%
12909,80–95%
14360,80–95%
16407,80–95%
15058,80–95%
18061,80–95%
13632,80–95%
18008,80–95%
14691,80–95%
13517,80–95%
13265,80–95%
18173,80–95%
14461,80–95%
14515,80–95%
15815,80–95%
14407,80–95%
17191,80–95%
12615,80–95%
13571,80–95%
13297,80–95%
18283,80–95%
14810,80–95%
18044,80–95%
16954,80–95%
14306,80–95%
18093,80–95%
15834,80–95%
12684,80–95%
14696,80–95%
14482,80–95%
14209,80–95%
18231,80–95%
12928,80–95%
16281,80–95%
17861,80–95%
18241,80–95%
13126,80–95%
17667,80–95%
12948,80–95%
12876,80–95%
17086,80–95%
17625,80–95%
17597,80–95%
14232,80–95%
13450,80–95%
14001,80–95%
14640,80–95%
17090,80–95%
16409,80–95%
16358,80–95%
14544,80–95%
16875,80–95%
18069,80–95%
15341,80–95%
18219,80–95%
14188,80–95%
14506,80–95%
15531,80–95%
15372,80–95%
16098,80–95%
14730,80–95%
17082,80–95%
16754,80–95%
13305,80–95%
17612,80–95%
18188,80–95%
16698,80–95%
13630,80–95%
17827,80–95%
17679,Bottom 80%
17088,Bottom 80%
13593,Bottom 80%
13495,Bottom 80%
18204,Bottom 80%
13590,Bottom 80%
15493,Bottom 80%
14462,Bottom 80%
17790,Bottom 80%
17218,Bottom 80%
16341,Bottom 80%
14498,Bottom 80%
17554,Bottom 80%
12501,Bottom 80%
17337,Bottom 80%
14653,Bottom 80%
14418,Bottom 80%
14472,Bottom 80%
17490,Bottom 80%
14978,Bottom 80%
14655,Bottom 80%
17406,Bottom 80%
14217,Bottom 80%
13246,Bottom 80%
16983,Bottom 80%
15518,Bottom 80%
14285,Bottom 80%
14409,Bottom 80%
16426,Bottom 80%
12633,Bottom 80%
17228,Bottom 80%
16150,Bottom 80%
15819,Bottom 80%
14250,Bottom 80%
16938,Bottom 80%
14210,Bottom 80%
16942,Bottom 80%
17870,Bottom 80%
14934,Bottom 80%
15641,Bottom 80%
12560,Bottom 80%
12853,Bottom 80%
17463,Bottom 80%
12782,Bottom 80%
16170,Bottom 80%
16128,Bottom 80%
15157,Bottom 80%
17293,Bottom 80%
16986,Bottom 80%
12483,Bottom 80%
15021,Bottom 80%
15367,Bottom 80%
14524,Bottom 80%
17787,Bottom 80%
17738,Bottom 80%
15351,Bottom 80%
14887,Bottom 80%
13982,Bottom 80%
13890,Bottom 80%
12963,Bottom 80%
17422,Bottom 80%
18180,Bottom 80%
17469,Bottom 80%
12950,Bottom 80%
15814,Bottom 80%
17015,Bottom 80%
16102,Bottom 80%
16455,Bottom 80%
12518,Bottom 80%
14216,Bottom 80%
17519,Bottom 80%
13421,Bottom 80%
14459,Bottom 80%
18287,Bottom 80%
16152,Bottom 80%
15203,Bottom 80%
18122,Bottom 80%
16153,Bottom 80%
16169,Bottom 80%
16201,Bottom 80%
14533,Bottom 80%
16474,Bottom 80%
12584,Bottom 80%
13725,Bottom 80%
13650,Bottom 80%
16979,Bottom 80%
13048,Bottom 80%
14305,Bottom 80%
15812,Bottom 80%
16249,Bottom 80%
13562,Bottom 80%
13196,Bottom 80%
18235,Bottom 80%
12674,Bottom 80%
18179,Bottom 80%
17648,Bottom 80%
17663,Bottom 80%
13875,Bottom 80%
13510,Bottom 80%
14608,Bottom 80%
14935,Bottom 80%
17629,Bottom 80%
17750,Bottom 80%
17705,Bottom 80%
15260,Bottom 80%
16380,Bottom 80%
14215,Bottom 80%
17092,Bottom 80%
13481,Bottom 80%
16841,Bottom 80%
16719,Bottom 80%
14387,Bottom 80%
16681,Bottom 80%
15864,Bottom 80%
15594,Bottom 80%
12585,Bottom 80%
14621,Bottom 80%
16751,Bottom 80%
12424,Bottom 80%
12823,Bottom 80%
15220,Bottom 80%
13808,Bottom 80%
15067,Bottom 80%
15674,Bottom 80%
12704,Bottom 80%
13134,Bottom 80%
14595,Bottom 80%
17930,Bottom 80%
17353,Bottom 80%
17754,Bottom 80%
15241,Bottom 80%
13456,Bottom 80%
17457,Bottom 80%
14673,Bottom 80%
17043,Bottom 80%
15050,Bottom 80%
13157,Bottom 80%
17702,Bottom 80%
15267,Bottom 80%
17813,Bottom 80%
13094,Bottom 80%
15947,Bottom 80%
17162,Bottom 80%
16902,Bottom 80%
12610,Bottom 80%
15950,Bottom 80%
17282,Bottom 80%
12762,Bottom 80%
16007,Bottom 80%
13824,Bottom 80%
14834,Bottom 80%
16775,Bottom 80%
12764,Bottom 80%
16791,Bottom 80%
16813,Bottom 80%
16671,Bottom 80%
13763,Bottom 80%
15240,Bottom 80%
15380,Bottom 80%
13924,Bottom 80%
12843,Bottom 80%
17147,Bottom 80%
14245,Bottom 80%
16638,Bottom 80%
13149,Bottom 80%
17656,Bottom 80%
17193,Bottom 80%
13647,Bottom 80%
16115,Bottom 80%
12912,Bottom 80%
15214,Bottom 80%
15024,Bottom 80%
15332,Bottom 80%
14045,Bottom 80%
13577,Bottom 80%
12523,Bottom 80%
15549,Bottom 80%
16711,Bottom 80%
15826,Bottom 80%
17451,Bottom 80%
15827,Bottom 80%
13184,Bottom 80%
13750,Bottom 80%
13162,Bottom 80%
15002,Bottom 80%
17284,Bottom 80%
14837,Bottom 80%
17873,Bottom 80%
15953,Bottom 80%
12528,Bottom 80%
14164,Bottom 80%
16398,Bottom 80%
16515,Bottom 80%
14759,Bottom 80%
16987,Bottom 80%
13425,Bottom 80%
12423,Bottom 80%
15172,Bottom 80%
13627,Bottom 80%
17673,Bottom 80%
17101,Bottom 80%
14937,Bottom 80%
12383,Bottom 80%
14336,Bottom 80%
18161,Bottom 80%
15122,Bottom 80%
14312,Bottom 80%
12645,Bottom 80%
13614,Bottom 80%
14918,Bottom 80%
12868,Bottom 80%
15791,Bottom 80%
14573,Bottom 80%
16466,Bottom 80%
16992,Bottom 80%
14178,Bottom 80%
14587,Bottom 80%
12457,Bottom 80%
14719,Bottom 80%
14970,Bottom 80%
13850,Bottom 80%
16332,Bottom 80%
12393,Bottom 80%
16889,Bottom 80%
13634,Bottom 80%
18178,Bottom 80%
15111,Bottom 80%
16496,Bottom 80%
13814,Bottom 80%
18239,Bottom 80%
16676,Bottom 80%
13313,Bottom 80%
17085,Bottom 80%
17837,Bottom 80%
14038,Bottom 80%
15660,Bottom 80%
16369,Bottom 80%
13659,Bottom 80%
15117,Bottom 80%
15365,Bottom 80%
12377,Bottom 80%
12865,Bottom 80%
15611,Bottom 80%
14441,Bottom 80%
14442,Bottom 80%
15701,Bottom 80%
16365,Bottom 80%
13186,Bottom 80%
13397,Bottom 80%
13849,Bottom 80%
12877,Bottom 80%
17159,Bottom 80%
14321,Bottom 80%
16283,Bottom 80%
17997,Bottom 80%
12371,Bottom 80%
14567,Bottom 80%
15620,Bottom 80%
13107,Bottom 80%
16244,Bottom 80%
16434,Bottom 80%
16066,Bottom 80%
15906,Bottom 80%
16790,Bottom 80%
16880,Bottom 80%
13764,Bottom 80%
13213,Bottom 80%
16748,Bottom 80%
15392,Bottom 80%
14704,Bottom 80%
16053,Bottom 80%
16910,Bottom 80%
12635,Bottom 80%
15532,Bottom 80%
12407,Bottom 80%
15265,Bottom 80%
15625,Bottom 80%
12937,Bottom 80%
17152,Bottom 80%
15530,Bottom 80%
16762,Bottom 80%
17571,Bottom 80%
16279,Bottom 80%
13320,Bottom 80%
15916,Bottom 80%
15057,Bottom 80%
14963,Bottom 80%
17002,Bottom 80%
17553,Bottom 80%
16395,Bottom 80%
14878,Bottom 80%
14414,Bottom 80%
16755,Bottom 80%
14758,Bottom 80%
18016,Bottom 80%
16016,Bottom 80%
15427,Bottom 80%
17590,Bottom 80%
15983,Bottom 80%
14246,Bottom 80%
13692,Bottom 80%
12826,Bottom 80%
16348,Bottom 80%
15473,Bottom 80%
12882,Bottom 80%
14541,Bottom 80%
12530,Bottom 80%
16359,Bottom 80%
16059,Bottom 80%
14875,Bottom 80%
12349,Bottom 80%
13309,Bottom 80%
13110,Bottom 80%
15987,Bottom 80%
14229,Bottom 80%
14233,Bottom 80%
14591,Bottom 80%
16817,Bottom 80%
13461,Bottom 80%
17073,Bottom 80%
13477,Bottom 80%
15478,Bottom 80%
15858,Bottom 80%
12348,Bottom 80%
12398,Bottom 80%
14404,Bottom 80%
12381,Bottom 80%
13717,Bottom 80%
14566,Bottom 80%
13475,Bottom 80%
17175,Bottom 80%
15426,Bottom 80%
16103,Bottom 80%
14035,Bottom 80%
12669,Bottom 80%
16996,Bottom 80%
14403,Bottom 80%
15128,Bottom 80%
14740,Bottom 80%
17063,Bottom 80%
16503,Bottom 80%
17288,Bottom 80%
15444,Bottom 80%
14649,Bottom 80%
16012,Bottom 80%
14901,Bottom 80%
18116,Bottom 80%
17004,Bottom 80%
15237,Bottom 80%
16394,Bottom 80%
12759,Bottom 80%
16271,Bottom 80%
15106,Bottom 80%
12947,Bottom 80%
16173,Bottom 80%
17083,Bottom 80%
14443,Bottom 80%
14741,Bottom 80%
14019,Bottom 80%
18202,Bottom 80%
17856,Bottom 80%
17354,Bottom 80%
15051,Bottom 80%
13414,Bottom 80%
12405,Bottom 80%
13516,Bottom 80%
16539,Bottom 80%
15453,Bottom 80%
15134,Bottom 80%
17676,Bottom 80%
17311,Bottom 80%
15898,Bottom 80%
13572,Bottom 80%
16463,Bottom 80%
13995,Bottom 80%
12952,Bottom 80%
14116,Bottom 80%
16726,Bottom 80%
13159,Bottom 80%
14113,Bottom 80%
15569,Bottom 80%
14434,Bottom 80%
16669,Bottom 80%
14507,Bottom 80%
13308,Bottom 80%
14897,Bottom 80%
15095,Bottom 80%
16389,Bottom 80%
18167,Bottom 80%
13232,Bottom 80%
17054,Bottom 80%
17204,Bottom 80%
15116,Bottom 80%
16245,Bottom 80%
14859,Bottom 80%
16079,Bottom 80%
12770,Bottom 80%
12886,Bottom 80%
17368,Bottom 80%
12646,Bottom 80%
15411,Bottom 80%
14154,Bottom 80%
15596,Bottom 80%
17372,Bottom 80%
16317,Bottom 80%
16045,Bottom 80%
13743,Bottom 80%
15398,Bottom 80%
15734,Bottom 80%
16110,Bottom 80%
17621,Bottom 80%
15680,Bottom 80%
17932,Bottom 80%
16493,Bottom 80%
16295,Bottom 80%
15059,Bottom 80%
13396,Bottom 80%
16370,Bottom 80%
14748,Bottom 80%
16083,Bottom 80%
13012,Bottom 80%
14921,Bottom 80%
14102,Bottom 80%
16464,Bottom 80%
14973,Bottom 80%
18177,Bottom 80%
15146,Bottom 80%
16040,Bottom 80%
14856,Bottom 80%
15563,Bottom 80%
13501,Bottom 80%
13168,Bottom 80%
13328,Bottom 80%
14477,Bottom 80%
12576,Bottom 80%
16744,Bottom 80%
17919,Bottom 80%
15813,Bottom 80%
12620,Bottom 80%
12919,Bottom 80%
15494,Bottom 80%
17961,Bottom 80%
17095,Bottom 80%
12783,Bottom 80%
16929,Bottom 80%
16224,Bottom 80%
16120,Bottom 80%
14071,Bottom 80%
14297,Bottom 80%
14047,Bottom 80%
14738,Bottom 80%
12854,Bottom 80%
16571,Bottom 80%
17671,Bottom 80%
15136,Bottom 80%
16899,Bottom 80%
13878,Bottom 80%
13538,Bottom 80%
14267,Bottom 80%
17019,Bottom 80%
14794,Bottom 80%
14669,Bottom 80%
13492,Bottom 80%
13431,Bottom 80%
15199,Bottom 80%
14511,Bottom 80%
17158,Bottom 80%
13989,Bottom 80%
12352,Bottom 80%
14916,Bottom 80%
16951,Bottom 80%
15009,Bottom 80%
16688,Bottom 80%
16842,Bottom 80%
14105,Bottom 80%
15497,Bottom 80%
17388,Bottom 80%
14665,Bottom 80%
17412,Bottom 80%
17350,Bottom 80%
13848,Bottom 80%
17262,Bottom 80%
17037,Bottom 80%
17802,Bottom 80%
14698,Bottom 80%
13151,Bottom 80%
17481,Bottom 80%
14383,Bottom 80%
13029,Bottom 80%
12775,Bottom 80%
16101,Bottom 80%
15004,Bottom 80%
12488,Bottom 80%
16531,Bottom 80%
17633,Bottom 80%
17588,Bottom 80%
13860,Bottom 80%
14893,Bottom 80%
14684,Bottom 80%
15376,Bottom 80%
15910,Bottom 80%
18080,Bottom 80%
13931,Bottom 80%
14428,Bottom 80%
14898,Bottom 80%
14913,Bottom 80%
17584,Bottom 80%
15227,Bottom 80%
13491,Bottom 80%
12985,Bottom 80%
17774,Bottom 80%
17410,Bottom 80%
13918,Bottom 80%
18263,Bottom 80%
15841,Bottom 80%
18171,Bottom 80%
12364,Bottom 80%
13055,Bottom 80%
16800,Bottom 80%
13158,Bottom 80%
17320,Bottom 80%
16794,Bottom 80%
13208,Bottom 80%
13564,Bottom 80%
15605,Bottom 80%
17800,Bottom 80%
12997,Bottom 80%
13211,Bottom 80%
12372,Bottom 80%
17720,Bottom 80%
12967,Bottom 80%
15145,Bottom 80%
12611,Bottom 80%
14064,Bottom 80%
16612,Bottom 80%
13752,Bottom 80%
12516,Bottom 80%
14487,Bottom 80%
15630,Bottom 80%
17058,Bottom 80%
16950,Bottom 80%
17653,Bottom 80%
15306,Bottom 80%
12526,Bottom 80%
16639,Bottom 80%
14745,Bottom 80%
16653,Bottom 80%
14857,Bottom 80%
12463,Bottom 80%
14737,Bottom 80%
14261,Bottom 80%
14447,Bottom 80%
16949,Bottom 80%
17348,Bottom 80%
15621,Bottom 80%
12885,Bottom 80%
13611,Bottom 80%
12818,Bottom 80%
14723,Bottom 80%
13744,Bottom 80%
16184,Bottom 80%
13813,Bottom 80%
16062,Bottom 80%
15108,Bottom 80%
16042,Bottom 80%
13499,Bottom 80%
17505,Bottom 80%
16766,Bottom 80%
15810,Bottom 80%
12769,Bottom 80%
17770,Bottom 80%
12412,Bottom 80%
18125,Bottom 80%
16270,Bottom 80%
13330,Bottom 80%
13819,Bottom 80%
15088,Bottom 80%
16172,Bottom 80%
17135,Bottom 80%
12689,Bottom 80%
17500,Bottom 80%
13500,Bottom 80%
17242,Bottom 80%
18168,Bottom 80%
16989,Bottom 80%
17585,Bottom 80%
13772,Bottom 80%
15500,Bottom 80%
13882,Bottom 80%
14824,Bottom 80%
16692,Bottom 80%
17470,Bottom 80%
13118,Bottom 80%
16637,Bottom 80%
14129,Bottom 80%
15436,Bottom 80%
13486,Bottom 80%
16807,Bottom 80%
15737,Bottom 80%
17302,Bottom 80%
13064,Bottom 80%
17894,Bottom 80%
16086,Bottom 80%
12842,Bottom 80%
15716,Bottom 80%
13591,Bottom 80%
14971,Bottom 80%
13610,Bottom 80%
17788,Bottom 80%
16049,Bottom 80%
14161,Bottom 80%
15069,Bottom 80%
15730,Bottom 80%
15933,Bottom 80%
17562,Bottom 80%
16833,Bottom 80%
12857,Bottom 80%
13447,Bottom 80%
15602,Bottom 80%
17047,Bottom 80%
16350,Bottom 80%
15978,Bottom 80%
13104,Bottom 80%
17966,Bottom 80%
14708,Bottom 80%
17609,Bottom 80%
16225,Bottom 80%
13652,Bottom 80%
15608,Bottom 80%
13476,Bottom 80%
13521,Bottom 80%
12676,Bottom 80%
15489,Bottom 80%
14744,Bottom 80%
18189,Bottom 80%
13467,Bottom 80%
13310,Bottom 80%
14561,Bottom 80%
16200,Bottom 80%
12394,Bottom 80%
13726,Bottom 80%
12354,Bottom 80%
14352,Bottom 80%
16980,Bottom 80%
16563,Bottom 80%
17828,Bottom 80%
15712,Bottom 80%
15745,Bottom 80%
13635,Bottom 80%
13761,Bottom 80%
14212,Bottom 80%
14948,Bottom 80%
17522,Bottom 80%
17041,Bottom 80%
17277,Bottom 80%
17287,Bottom 80%
14411,Bottom 80%
16214,Bottom 80%
14465,Bottom 80%
14419,Bottom 80%
13853,Bottom 80%
15238,Bottom 80%
15407,Bottom 80%
14514,Bottom 80%
15977,Bottom 80%
16728,Bottom 80%
13715,Bottom 80%
14583,Bottom 80%
15027,Bottom 80%
14224,Bottom 80%
14078,Bottom 80%
15464,Bottom 80%
15763,Bottom 80%
13282,Bottom 80%
13791,Bottom 80%
14488,Bottom 80%
14293,Bottom 80%
18130,Bottom 80%
15996,Bottom 80%
17042,Bottom 80%
15192,Bottom 80%
16918,Bottom 80%
17727,Bottom 80%
15801,Bottom 80%
12951,Bottom 80%
16094,Bottom 80%
13719,Bottom 80%
13131,Bottom 80%
16320,Bottom 80%
16175,Bottom 80%
15985,Bottom 80%
16520,Bottom 80%
16260,Bottom 80%
14446,Bottom 80%
15171,Bottom 80%
12399,Bottom 80%
13639,Bottom 80%
18221,Bottom 80%
12849,Bottom 80%
16416,Bottom 80%
13235,Bottom 80%
12630,Bottom 80%
13253,Bottom 80%
17033,Bottom 80%
14584,Bottom 80%
15333,Bottom 80%
16682,Bottom 80%
16533,Bottom 80%
13956,Bottom 80%
14904,Bottom 80%
15777,Bottom 80%
14346,Bottom 80%
13165,Bottom 80%
15839,Bottom 80%
14276,Bottom 80%
12828,Bottom 80%
14083,Bottom 80%
12514,Bottom 80%
13728,Bottom 80%
13867,Bottom 80%
18142,Bottom 80%
17197,Bottom 80%
12936,Bottom 80%
14775,Bottom 80%
16229,Bottom 80%
14817,Bottom 80%
16174,Bottom 80%
16160,Bottom 80%
12657,Bottom 80%
15329,Bottom 80%
13455,Bottom 80%
14631,Bottom 80%
13429,Bottom 80%
12507,Bottom 80%
12710,Bottom 80%
15104,Bottom 80%
12446,Bottom 80%
15706,Bottom 80%
12546,Bottom 80%
15508,Bottom 80%
14214,Bottom 80%
18143,Bottom 80%
14389,Bottom 80%
16572,Bottom 80%
15434,Bottom 80%
13032,Bottom 80%
14540,Bottom 80%
17646,Bottom 80%
17724,Bottom 80%
12494,Bottom 80%
12640,Bottom 80%
17594,Bottom 80%
16009,Bottom 80%
17096,Bottom 80%
17126,Bottom 80%
17951,Bottom 80%
17324,Bottom 80%
13410,Bottom 80%
15062,Bottom 80%
18237,Bottom 80%
13117,Bottom 80%
17144,Bottom 80%
17214,Bottom 80%
16232,Bottom 80%
15133,Bottom 80%
14138,Bottom 80%
15071,Bottom 80%
16188,Bottom 80%
16907,Bottom 80%
16085,Bottom 80%
12534,Bottom 80%
18170,Bottom 80%
15506,Bottom 80%
15132,Bottom 80%
14920,Bottom 80%
16376,Bottom 80%
15860,Bottom 80%
12739,Bottom 80%
14223,Bottom 80%
14522,Bottom 80%
15747,Bottom 80%
13155,Bottom 80%
17100,Bottom 80%
17618,Bottom 80%
15449,Bottom 80%
15110,Bottom 80%
17405,Bottom 80%
15907,Bottom 80%
12609,Bottom 80%
13509,Bottom 80%
12716,Bottom 80%
14195,Bottom 80%
13138,Bottom 80%
14006,Bottom 80%
15156,Bottom 80%
16419,Bottom 80%
15658,Bottom 80%
18192,Bottom 80%
13823,Bottom 80%
12464,Bottom 80%
15948,Bottom 80%
17244,Bottom 80%
15835,Bottom 80%
12497,Bottom 80%
16934,Bottom 80%
15421,Bottom 80%
15793,Bottom 80%
16511,Bottom 80%
13748,Bottom 80%
15787,Bottom 80%
15681,Bottom 80%
15707,Bottom 80%
13261,Bottom 80%
13026,Bottom 80%
12820,Bottom 80%
14075,Bottom 80%
13636,Bottom 80%
15576,Bottom 80%
17227,Bottom 80%
14629,Bottom 80%
17097,Bottom 80%
17289,Bottom 80%
15289,Bottom 80%
14256,Bottom 80%
16027,Bottom 80%
16657,Bottom 80%
13655,Bottom 80%
14532,Bottom 80%
18133,Bottom 80%
12358,Bottom 80%
15201,Bottom 80%
12691,Bottom 80%
13805,Bottom 80%
12724,Bottom 80%
15654,Bottom 80%
13122,Bottom 80%
16551,Bottom 80%
13934,Bottom 80%
12924,Bottom 80%
15312,Bottom 80%
17018,Bottom 80%
14140,Bottom 80%
13075,Bottom 80%
12822,Bottom 80%
14015,Bottom 80%
14712,Bottom 80%
17236,Bottom 80%
13549,Bottom 80%
15253,Bottom 80%
16216,Bottom 80%
17552,Bottom 80%
15587,Bottom 80%
15364,Bottom 80%
16809,Bottom 80%
13782,Bottom 80%
13192,Bottom 80%
14289,Bottom 80%
18096,Bottom 80%
13689,Bottom 80%
15511,Bottom 80%
13038,Bottom 80%
16584,Bottom 80%
14449,Bottom 80%
17323,Bottom 80%
15480,Bottom 80%
12642,Bottom 80%
15022,Bottom 80%
14081,Bottom 80%
15807,Bottom 80%
12994,Bottom 80%
17566,Bottom 80%
17848,Bottom 80%
17886,Bottom 80%
17537,Bottom 80%
17044,Bottom 80%
12572,Bottom 80%
12679,Bottom 80%
16361,Bottom 80%
16714,Bottom 80%
18194,Bottom 80%
15865,Bottom 80%
15211,Bottom 80%
15079,Bottom 80%
13363,Bottom 80%
13515,Bottom 80%
15255,Bottom 80%
14240,Bottom 80%
14344,Bottom 80%
17829,Bottom 80%
17527,Bottom 80%
12599,Bottom 80%
16347,Bottom 80%
13035,Bottom 80%
12722,Bottom 80%
15822,Bottom 80%
17704,Bottom 80%
15799,Bottom 80%
14597,Bottom 80%
14359,Bottom 80%
18236,Bottom 80%
13037,Bottom 80%
15076,Bottom 80%
13662,Bottom 80%
14141,Bottom 80%
17731,Bottom 80%
15653,Bottom 80%
17007,Bottom 80%
14770,Bottom 80%
12940,Bottom 80%
13566,Bottom 80%
16513,Bottom 80%
13294,Bottom 80%
12462,Bottom 80%
12847,Bottom 80%
13200,Bottom 80%
13979,Bottom 80%
13376,Bottom 80%
17109,Bottom 80%
13203,Bottom 80%
16900,Bottom 80%
14912,Bottom 80%
16801,Bottom 80%
15208,Bottom 80%
14715,Bottom 80%
16121,Bottom 80%
14332,Bottom 80%
16567,Bottom 80%
16221,Bottom 80%
14931,Bottom 80%
14623,Bottom 80%
17048,Bottom 80%
12815,Bottom 80%
16266,Bottom 80%
17649,Bottom 80%
12794,Bottom 80%
13339,Bottom 80%
14577,Bottom 80%
17064,Bottom 80%
14553,Bottom 80%
16037,Bottom 80%
17560,Bottom 80%
16877,Bottom 80%
14193,Bottom 80%
16070,Bottom 80%
16020,Bottom 80%
13991,Bottom 80%
17027,Bottom 80%
14625,Bottom 80%
16235,Bottom 80%
13846,Bottom 80%
16222,Bottom 80%
15965,Bottom 80%
14803,Bottom 80%
13221,Bottom 80%
17624,Bottom 80%
15164,Bottom 80%
12878,Bottom 80%
14862,Bottom 80%
12541,Bottom 80%
17076,Bottom 80%
13940,Bottom 80%
14657,Bottom 80%
15832,Bottom 80%
13835,Bottom 80%
17929,Bottom 80%
16644,Bottom 80%
17759,Bottom 80%
15862,Bottom 80%
12545,Bottom 80%
12717,Bottom 80%
13681,Bottom 80%
13810,Bottom 80%
16747,Bottom 80%
16494,Bottom 80%
17921,Bottom 80%
12550,Bottom 80%
16284,Bottom 80%
14231,Bottom 80%
13893,Bottom 80%
13220,Bottom 80%
17764,Bottom 80%
17169,Bottom 80%
16943,Bottom 80%
16560,Bottom 80%
16108,Bottom 80%
15649,Bottom 80%
15399,Bottom 80%
14499,Bottom 80%
13280,Bottom 80%
16460,Bottom 80%
12510,Bottom 80%
18064,Bottom 80%
17075,Bottom 80%
16600,Bottom 80%
16621,Bottom 80%
14421,Bottom 80%
15644,Bottom 80%
17980,Bottom 80%
13350,Bottom 80%
16276,Bottom 80%
16624,Bottom 80%
16660,Bottom 80%
16891,Bottom 80%
13637,Bottom 80%
15525,Bottom 80%
17115,Bottom 80%
15952,Bottom 80%
13707,Bottom 80%
16869,Bottom 80%
16367,Bottom 80%
13929,Bottom 80%
16164,Bottom 80%
18265,Bottom 80%
17905,Bottom 80%
13720,Bottom 80%
14475,Bottom 80%
13030,Bottom 80%
17703,Bottom 80%
16438,Bottom 80%
13389,Bottom 80%
13336,Bottom 80%
12713,Bottom 80%
15990,Bottom 80%
12680,Bottom 80%
13016,Bottom 80%
12652,Bottom 80%
13323,Bottom 80%
12458,Bottom 80%
15806,Bottom 80%
15743,Bottom 80%
17387,Bottom 80%
16054,Bottom 80%
18248,Bottom 80%
17006,Bottom 80%
17341,Bottom 80%
13884,Bottom 80%
15679,Bottom 80%
13583,Bottom 80%
13212,Bottom 80%
14644,Bottom 80%
17797,Bottom 80%
17180,Bottom 80%
16092,Bottom 80%
13167,Bottom 80%
14815,Bottom 80%
17414,Bottom 80%
16505,Bottom 80%
13563,Bottom 80%
12425,Bottom 80%
15353,Bottom 80%
13341,Bottom 80%
16806,Bottom 80%
14234,Bottom 80%
12379,Bottom 80%
16825,Bottom 80%
15414,Bottom 80%
16043,Bottom 80%
16725,Bottom 80%
15075,Bottom 80%
13375,Bottom 80%
16759,Bottom 80%
12965,Bottom 80%
17409,Bottom 80%
14662,Bottom 80%
16480,Bottom 80%
18228,Bottom 80%
13356,Bottom 80%
17516,Bottom 80%
13109,Bottom 80%
14550,Bottom 80%
14672,Bottom 80%
17695,Bottom 80%
14885,Bottom 80%
12434,Bottom 80%
15239,Bottom 80%
17268,Bottom 80%
17466,Bottom 80%
18136,Bottom 80%
15599,Bottom 80%
12694,Bottom 80%
14412,Bottom 80%
15066,Bottom 80%
17425,Bottom 80%
16036,Bottom 80%
15568,Bottom 80%
17461,Bottom 80%
16470,Bottom 80%
14883,Bottom 80%
16205,Bottom 80%
18104,Bottom 80%
13730,Bottom 80%
12772,Bottom 80%
14976,Bottom 80%
17146,Bottom 80%
14923,Bottom 80%
17411,Bottom 80%
15074,Bottom 80%
15656,Bottom 80%
15831,Bottom 80%
17114,Bottom 80%
15618,Bottom 80%
15533,Bottom 80%
16261,Bottom 80%
14050,Bottom 80%
14790,Bottom 80%
16770,Bottom 80%
13354,Bottom 80%
13753,Bottom 80%
13900,Bottom 80%
17974,Bottom 80%
15252,Bottom 80%
13329,Bottom 80%
16924,Bottom 80%
12697,Bottom 80%
14756,Bottom 80%
12976,Bottom 80%
18156,Bottom 80%
17034,Bottom 80%
17979,Bottom 80%
16146,Bottom 80%
16256,Bottom 80%
17812,Bottom 80%
13575,Bottom 80%
16099,Bottom 80%
16491,Bottom 80%
14778,Bottom 80%
18035,Bottom 80%
13077,Bottom 80%
13950,Bottom 80%
12728,Bottom 80%
17666,Bottom 80%
13236,Bottom 80%
12701,Bottom 80%
14055,Bottom 80%
15636,Bottom 80%
13736,Bottom 80%
15561,Bottom 80%
15584,Bottom 80%
17521,Bottom 80%
14869,Bottom 80%
15272,Bottom 80%
15581,Bottom 80%
13370,Bottom 80%
18062,Bottom 80%
16023,Bottom 80%
14179,Bottom 80%
14725,Bottom 80%
17692,Bottom 80%
17884,Bottom 80%
15274,Bottom 80%
12535,Bottom 80%
13623,Bottom 80%
17029,Bottom 80%
12628,Bottom 80%
15330,Bottom 80%
15757,Bottom 80%
13169,Bottom 80%
13147,Bottom 80%
17761,Bottom 80%
13416,Bottom 80%
17642,Bottom 80%
15855,Bottom 80%
13705,Bottom 80%
17179,Bottom 80%
13249,Bottom 80%
17472,Bottom 80%
14127,Bottom 80%
16136,Bottom 80%
16140,Bottom 80%
12453,Bottom 80%
12723,Bottom 80%
16364,Bottom 80%
17526,Bottom 80%
14880,Bottom 80%
16882,Bottom 80%
17934,Bottom 80%
12883,Bottom 80%
18082,Bottom 80%
15103,Bottom 80%
16730,Bottom 80%
15574,Bottom 80%
16997,Bottom 80%
14867,Bottom 80%
17321,Bottom 80%
17734,Bottom 80%
15800,Bottom 80%
13258,Bottom 80%
17796,Bottom 80%
15053,Bottom 80%
13596,Bottom 80%
17397,Bottom 80%
12925,Bottom 80%
13601,Bottom 80%
12778,Bottom 80%
17198,Bottom 80%
17733,Bottom 80%
13838,Bottom 80%
16015,Bottom 80%
18085,Bottom 80%
12735,Bottom 80%
18196,Bottom 80%
17502,Bottom 80%
13799,Bottom 80%
14111,Bottom 80%
14201,Bottom 80%
12693,Bottom 80%
16309,Bottom 80%
14009,Bottom 80%
14959,Bottom 80%
15181,Bottom 80%
16122,Bottom 80%
16495,Bottom 80%
12942,Bottom 80%
12422,Bottom 80%
14222,Bottom 80%
12838,Bottom 80%
15582,Bottom 80%
13548,Bottom 80%
18135,Bottom 80%
16212,Bottom 80%
13238,Bottom 80%
15304,Bottom 80%
13524,Bottom 80%
16872,Bottom 80%
16642,Bottom 80%
14788,Bottom 80%
13607,Bottom 80%
15669,Bottom 80%
13040,Bottom 80%
16377,Bottom 80%
12413,Bottom 80%
15626,Bottom 80%
13325,Bottom 80%
16418,Bottom 80%
13355,Bottom 80%
16449,Bottom 80%
13464,Bottom 80%
17749,Bottom 80%
13951,Bottom 80%
12465,Bottom 80%
14504,Bottom 80%
18121,Bottom 80%
14628,Bottom 80%
17883,Bottom 80%
12781,Bottom 80%
15951,Bottom 80%
12475,Bottom 80%
17299,Bottom 80%
14643,Bottom 80%
12418,Bottom 80%
16383,Bottom 80%
15031,Bottom 80%
18022,Bottom 80%
14356,Bottom 80%
15400,Bottom 80%
13741,Bottom 80%
17777,Bottom 80%
17105,Bottom 80%
15038,Bottom 80%
16056,Bottom 80%
13963,Bottom 80%
16208,Bottom 80%
15700,Bottom 80%
14720,Bottom 80%
17423,Bottom 80%
14198,Bottom 80%
17462,Bottom 80%
14451,Bottom 80%
14603,Bottom 80%
13028,Bottom 80%
15492,Bottom 80%
13518,Bottom 80%
13759,Bottom 80%
16357,Bottom 80%
14150,Bottom 80%
17874,Bottom 80%
16696,Bottom 80%
14818,Bottom 80%
17459,Bottom 80%
15677,Bottom 80%
13049,Bottom 80%
16708,Bottom 80%
15197,Bottom 80%
16127,Bottom 80%
14894,Bottom 80%
16774,Bottom 80%
14651,Bottom 80%
17398,Bottom 80%
18151,Bottom 80%
15205,Bottom 80%
16014,Bottom 80%
14044,Bottom 80%
14548,Bottom 80%
17523,Bottom 80%
13430,Bottom 80%
16362,Bottom 80%
12468,Bottom 80%
16734,Bottom 80%
15571,Bottom 80%
16469,Bottom 80%
16969,Bottom 80%
13240,Bottom 80%
16573,Bottom 80%
15643,Bottom 80%
17373,Bottom 80%
15651,Bottom 80%
17545,Bottom 80%
16444,Bottom 80%
14855,Bottom 80%
14829,Bottom 80%
17312,Bottom 80%
16157,Bottom 80%
14126,Bottom 80%
16431,Bottom 80%
14020,Bottom 80%
13034,Bottom 80%
17779,Bottom 80%
17046,Bottom 80%
16554,Bottom 80%
13417,Bottom 80%
13318,Bottom 80%
15919,Bottom 80%
12421,Bottom 80%
17515,Bottom 80%
18160,Bottom 80%
14754,Bottom 80%
14664,Bottom 80%
14128,Bottom 80%
14481,Bottom 80%
15829,Bottom 80%
15384,Bottom 80%
15773,Bottom 80%
16139,Bottom 80%
15100,Bottom 80%
15297,Bottom 80%
17985,Bottom 80%
14000,Bottom 80%
15045,Bottom 80%
13892,Bottom 80%
14220,Bottom 80%
12658,Bottom 80%
14301,Bottom 80%
13822,Bottom 80%
14021,Bottom 80%
15244,Bottom 80%
17990,Bottom 80%
17994,Bottom 80%
13046,Bottom 80%
13525,Bottom 80%
14687,Bottom 80%
16022,Bottom 80%
13388,Bottom 80%
15028,Bottom 80%
13546,Bottom 80%
12461,Bottom 80%
14036,Bottom 80%
18218,Bottom 80%
15402,Bottom 80%
14382,Bottom 80%
16750,Bottom 80%
16718,Bottom 80%
15258,Bottom 80%
12374,Bottom 80%
17499,Bottom 80%
15182,Bottom 80%
17867,Bottom 80%
15768,Bottom 80%
18217,Bottom 80%
16915,Bottom 80%
17640,Bottom 80%
13402,Bottom 80%
16141,Bottom 80%
14529,Bottom 80%
16613,Bottom 80%
14593,Bottom 80%
13496,Bottom 80%
16268,Bottom 80%
14377,Bottom 80%
16442,Bottom 80%
13925,Bottom 80%
16311,Bottom 80%
15215,Bottom 80%
16005,Bottom 80%
13145,Bottom 80%
16566,Bottom 80%
13914,Bottom 80%
12603,Bottom 80%
15073,Bottom 80%
18149,Bottom 80%
15232,Bottom 80%
16109,Bottom 80%
15645,Bottom 80%
14152,Bottom 80%
13731,Bottom 80%
15795,Bottom 80%
13357,Bottom 80%
14636,Bottom 80%
15275,Bottom 80%
13933,Bottom 80%
14342,Bottom 80%
15147,Bottom 80%
12612,Bottom 80%
12933,Bottom 80%
14710,Bottom 80%
13539,Bottom 80%
17849,Bottom 80%
13888,Bottom 80%
17507,Bottom 80%
13233,Bottom 80%
13558,Bottom 80%
14675,Bottom 80%
17664,Bottom 80%
12944,Bottom 80%
16732,Bottom 80%
12556,Bottom 80%
16134,Bottom 80%
12707,Bottom 80%
17259,Bottom 80%
15322,Bottom 80%
15648,Bottom 80%
15366,Bottom 80%
16306,Bottom 80%
17890,Bottom 80%
14609,Bottom 80%
18183,Bottom 80%
12420,Bottom 80%
13301,Bottom 80%
18211,Bottom 80%
13243,Bottom 80%
12872,Bottom 80%
14905,Bottom 80%
13023,Bottom 80%
15573,Bottom 80%
14965,Bottom 80%
17420,Bottom 80%
14467,Bottom 80%
15720,Bottom 80%
13311,Bottom 80%
16298,Bottom 80%
13959,Bottom 80%
17864,Bottom 80%
14645,Bottom 80%
15381,Bottom 80%
18246,Bottom 80%
16788,Bottom 80%
16654,Bottom 80%
16763,Bottom 80%
14108,Bottom 80%
12917,Bottom 80%
15442,Bottom 80%
16535,Bottom 80%
17119,Bottom 80%
16116,Bottom 80%
12577,Bottom 80%
13276,Bottom 80%
14133,Bottom 80%
14410,Bottom 80%
13452,Bottom 80%
13270,Bottom 80%
14882,Bottom 80%
18123,Bottom 80%
16723,Bottom 80%
16203,Bottom 80%
15624,Bottom 80%
17351,Bottom 80%
17360,Bottom 80%
12616,Bottom 80%
15222,Bottom 80%
16384,Bottom 80%
16072,Bottom 80%
14023,Bottom 80%
13557,Bottom 80%
15762,Bottom 80%
16838,Bottom 80%
15969,Bottom 80%
13427,Bottom 80%
17970,Bottom 80%
18232,Bottom 80%
12427,Bottom 80%
12695,Bottom 80%
14692,Bottom 80%
18095,Bottom 80%
16906,Bottom 80%
17142,Bottom 80%
13292,Bottom 80%
13314,Bottom 80%
14284,Bottom 80%
16916,Bottom 80%
15550,Bottom 80%
16345,Bottom 80%
13487,Bottom 80%
14167,Bottom 80%
12589,Bottom 80%
12673,Bottom 80%
14323,Bottom 80%
15303,Bottom 80%
14176,Bottom 80%
13368,Bottom 80%
15415,Bottom 80%
13379,Bottom 80%
17616,Bottom 80%
15821,Bottom 80%
14592,Bottom 80%
17540,Bottom 80%
16667,Bottom 80%
12624,Bottom 80%
13321,Bottom 80%
18150,Bottom 80%
17014,Bottom 80%
14753,Bottom 80%
17265,Bottom 80%
13946,Bottom 80%
13044,Bottom 80%
14273,Bottom 80%
16275,Bottom 80%
14400,Bottom 80%
18043,Bottom 80%
17503,Bottom 80%
13800,Bottom 80%
13260,Bottom 80%
15339,Bottom 80%
13405,Bottom 80%
17955,Bottom 80%
17295,Bottom 80%
13939,Bottom 80%
16385,Bottom 80%
14805,Bottom 80%
14177,Bottom 80%
14891,Bottom 80%
14338,Bottom 80%
15068,Bottom 80%
12879,Bottom 80%
12363,Bottom 80%
15315,Bottom 80%
17674,Bottom 80%
17291,Bottom 80%
17235,Bottom 80%
12649,Bottom 80%
16340,Bottom 80%
16031,Bottom 80%
15830,Bottom 80%
16811,Bottom 80%
17637,Bottom 80%
17520,Bottom 80%
12743,Bottom 80%
17806,Bottom 80%
12478,Bottom 80%
12521,Bottom 80%
12987,Bottom 80%
16475,Bottom 80%
13617,Bottom 80%
13390,Bottom 80%
16927,Bottom 80%
16211,Bottom 80%
13278,Bottom 80%
16230,Bottom 80%
17447,Bottom 80%
17557,Bottom 80%
17897,Bottom 80%
14997,Bottom 80%
13874,Bottom 80%
16536,Bottom 80%
14496,Bottom 80%
15452,Bottom 80%
14618,Bottom 80%
15539,Bottom 80%
16278,Bottom 80%
17345,Bottom 80%
14474,Bottom 80%
14539,Bottom 80%
16206,Bottom 80%
15043,Bottom 80%
16804,Bottom 80%
12719,Bottom 80%
13894,Bottom 80%
16142,Bottom 80%
12988,Bottom 80%
13000,Bottom 80%
13385,Bottom 80%
17443,Bottom 80%
13434,Bottom 80%
15756,Bottom 80%
15825,Bottom 80%
12513,Bottom 80%
16706,Bottom 80%
14265,Bottom 80%
18159,Bottom 80%
16933,Bottom 80%
12654,Bottom 80%
14002,Bottom 80%
14463,Bottom 80%
17062,Bottom 80%
16185,Bottom 80%
17631,Bottom 80%
17623,Bottom 80%
18252,Bottom 80%
17888,Bottom 80%
17290,Bottom 80%
13721,Bottom 80%
17329,Bottom 80%
18017,Bottom 80%
17712,Bottom 80%
14871,Bottom 80%
15891,Bottom 80%
12410,Bottom 80%
15149,Bottom 80%
13811,Bottom 80%
14873,Bottom 80%
12571,Bottom 80%
13643,Bottom 80%
16650,Bottom 80%
12784,Bottom 80%
15030,Bottom 80%
16135,Bottom 80%
17454,Bottom 80%
18205,Bottom 80%
15246,Bottom 80%
17513,Bottom 80%
17805,Bottom 80%
17429,Bottom 80%
14034,Bottom 80%
15467,Bottom 80%
12638,Bottom 80%
14851,Bottom 80%
15655,Bottom 80%
16561,Bottom 80%
12426,Bottom 80%
16325,Bottom 80%
12904,Bottom 80%
15417,Bottom 80%
17391,Bottom 80%
14317,Bottom 80%
17958,Bottom 80%
17415,Bottom 80%
14158,Bottom 80%
14820,Bottom 80%
15721,Bottom 80%
13885,Bottom 80%
17480,Bottom 80%
16614,Bottom 80%
14014,Bottom 80%
16960,Bottom 80%
12390,Bottom 80%
15469,Bottom 80%
12863,Bottom 80%
12991,Bottom 80%
17630,Bottom 80%
13865,Bottom 80%
13247,Bottom 80%
16616,Bottom 80%
12559,Bottom 80%
15389,Bottom 80%
14958,Bottom 80%
14077,Bottom 80%
15193,Bottom 80%
12866,Bottom 80%
14681,Bottom 80%
15142,Bottom 80%
13493,Bottom 80%
17298,Bottom 80%
16820,Bottom 80%
17495,Bottom 80%
16368,Bottom 80%
15006,Bottom 80%
16892,Bottom 80%
15300,Bottom 80%
17053,Bottom 80%
17374,Bottom 80%
16602,Bottom 80%
15448,Bottom 80%
16352,Bottom 80%
17333,Bottom 80%
12763,Bottom 80%
16955,Bottom 80%
15882,Bottom 80%
13176,Bottom 80%
14270,Bottom 80%
15507,Bottom 80%
16488,Bottom 80%
13732,Bottom 80%
14236,Bottom 80%
15000,Bottom 80%
14416,Bottom 80%
18074,Bottom 80%
17361,Bottom 80%
13984,Bottom 80%
14396,Bottom 80%
15165,Bottom 80%
16643,Bottom 80%
15081,Bottom 80%
13675,Bottom 80%
17453,Bottom 80%
13153,Bottom 80%
17658,Bottom 80%
15287,Bottom 80%
13116,Bottom 80%
13812,Bottom 80%
16999,Bottom 80%
16504,Bottom 80%
14130,Bottom 80%
13531,Bottom 80%
17555,Bottom 80%
14450,Bottom 80%
13816,Bottom 80%
16603,Bottom 80%
16693,Bottom 80%
18216,Bottom 80%
16863,Bottom 80%
16518,Bottom 80%
12631,Bottom 80%
12601,Bottom 80%
16812,Bottom 80%
16008,Bottom 80%
12644,Bottom 80%
15091,Bottom 80%
15344,Bottom 80%
15780,Bottom 80%
15349,Bottom 80%
15557,Bottom 80%
16859,Bottom 80%
14013,Bottom 80%
17950,Bottom 80%
17964,Bottom 80%
13043,Bottom 80%
16885,Bottom 80%
15963,Bottom 80%
15471,Bottom 80%
13005,Bottom 80%
14896,Bottom 80%
14147,Bottom 80%
14335,Bottom 80%
14029,Bottom 80%
13579,Bottom 80%
13248,Bottom 80%
15036,Bottom 80%
17140,Bottom 80%
16374,Bottom 80%
13928,Bottom 80%
15026,Bottom 80%
16586,Bottom 80%
14967,Bottom 80%
15109,Bottom 80%
17418,Bottom 80%
14489,Bottom 80%
14853,Bottom 80%
12945,Bottom 80%
14331,Bottom 80%
12793,Bottom 80%
14470,Bottom 80%
12391,Bottom 80%
16824,Bottom 80%
16805,Bottom 80%
12667,Bottom 80%
15535,Bottom 80%
13092,Bottom 80%
12355,Bottom 80%
16589,Bottom 80%
17880,Bottom 80%
12811,Bottom 80%
16768,Bottom 80%
15092,Bottom 80%
15121,Bottom 80%
14497,Bottom 80%
13398,Bottom 80%
15589,Bottom 80%
15018,Bottom 80%
12999,Bottom 80%
15754,Bottom 80%
12808,Bottom 80%
15585,Bottom 80%
16529,Bottom 80%
15223,Bottom 80%
16038,Bottom 80%
13485,Bottom 80%
15475,Bottom 80%
17564,Bottom 80%
18071,Bottom 80%
14184,Bottom 80%
13506,Bottom 80%
17460,Bottom 80%
12970,Bottom 80%
12816,Bottom 80%
17392,Bottom 80%
18158,Bottom 80%
16574,Bottom 80%
14173,Bottom 80%
12596,Bottom 80%
17040,Bottom 80%
13489,Bottom 80%
15739,Bottom 80%
18176,Bottom 80%
14780,Bottom 80%
15456,Bottom 80%
15368,Bottom 80%
17370,Bottom 80%
18006,Bottom 80%
16898,Bottom 80%
14638,Bottom 80%
16404,Bottom 80%
18222,Bottom 80%
14093,Bottom 80%
12414,Bottom 80%
16163,Bottom 80%
15877,Bottom 80%
17579,Bottom 80%
18233,Bottom 80%
15524,Bottom 80%
14022,Bottom 80%
16025,Bottom 80%
16968,Bottom 80%
14513,Bottom 80%
15468,Bottom 80%
15881,Bottom 80%
14272,Bottom 80%
16034,Bottom 80%
15553,Bottom 80%
16084,Bottom 80%
15551,Bottom 80%
16948,Bottom 80%
16236,Bottom 80%
16881,Bottom 80%
12447,Bottom 80%
15976,Bottom 80%
13066,Bottom 80%
18106,Bottom 80%
13245,Bottom 80%
12827,Bottom 80%
14998,Bottom 80%
16884,Bottom 80%
15450,Bottom 80%
15230,Bottom 80%
12436,Bottom 80%
13602,Bottom 80%
15957,Bottom 80%
16324,Bottom 80%
17869,Bottom 80%
15360,Bottom 80%
12740,Bottom 80%
15889,Bottom 80%
15994,Bottom 80%
13171,Bottom 80%
15930,Bottom 80%
15406,Bottom 80%
15639,Bottom 80%
16780,Bottom 80%
15646,Bottom 80%
17134,Bottom 80%
12491,Bottom 80%
17371,Bottom 80%
13140,Bottom 80%
16119,Bottom 80%
12479,Bottom 80%
15012,Bottom 80%
18034,Bottom 80%
17525,Bottom 80%
18240,Bottom 80%
16233,Bottom 80%
17232,Bottom 80%
14757,Bottom 80%
15206,Bottom 80%
14124,Bottom 80%
15361,Bottom 80%
15967,Bottom 80%
12787,Bottom 80%
17701,Bottom 80%
15433,Bottom 80%
16629,Bottom 80%
16737,Bottom 80%
13473,Bottom 80%
12833,Bottom 80%
18001,Bottom 80%
16816,Bottom 80%
12729,Bottom 80%
13889,Bottom 80%
16957,Bottom 80%
15803,Bottom 80%
14139,Bottom 80%
15725,Bottom 80%
16795,Bottom 80%
12993,Bottom 80%
13166,Bottom 80%
17483,Bottom 80%
14288,Bottom 80%
17052,Bottom 80%
13974,Bottom 80%
16834,Bottom 80%
13827,Bottom 80%
15523,Bottom 80%
16272,Bottom 80%
17913,Bottom 80%
14670,Bottom 80%
15186,Bottom 80%
15099,Bottom 80%
15695,Bottom 80%
12930,Bottom 80%
14348,Bottom 80%
12990,Bottom 80%
15225,Bottom 80%
16243,Bottom 80%
16018,Bottom 80%
15269,Bottom 80%
17931,Bottom 80%
16010,Bottom 80%
16399,Bottom 80%
15184,Bottom 80%
15127,Bottom 80%
16947,Bottom 80%
12384,Bottom 80%
14616,Bottom 80%
16204,Bottom 80%
18036,Bottom 80%
12922,Bottom 80%
17379,Bottom 80%
15938,Bottom 80%
16319,Bottom 80%
17431,Bottom 80%
12564,Bottom 80%
12386,Bottom 80%
12592,Bottom 80%
15158,Bottom 80%
16500,Bottom 80%
16198,Bottom 80%
14157,Bottom 80%
12809,Bottom 80%
13615,Bottom 80%
15809,Bottom 80%
18154,Bottom 80%
15522,Bottom 80%
17830,Bottom 80%
12508,Bottom 80%
14431,Bottom 80%
17926,Bottom 80%
12824,Bottom 80%
13594,Bottom 80%
13673,Bottom 80%
17486,Bottom 80%
15883,Bottom 80%
18067,Bottom 80%
16354,Bottom 80%
18164,Bottom 80%
16207,Bottom 80%
15386,Bottom 80%
15264,Bottom 80%
17226,Bottom 80%
14600,Bottom 80%
14620,Bottom 80%
15837,Bottom 80%
17223,Bottom 80%
15342,Bottom 80%
12403,Bottom 80%
16917,Bottom 80%
17603,Bottom 80%
13255,Bottom 80%
17614,Bottom 80%
14910,Bottom 80%
17936,Bottom 80%
14752,Bottom 80%
16250,Bottom 80%
15847,Bottom 80%
13358,Bottom 80%
17595,Bottom 80%
15592,Bottom 80%
13899,Bottom 80%
17035,Bottom 80%
16776,Bottom 80%
14538,Bottom 80%
17357,Bottom 80%
17817,Bottom 80%
17508,Bottom 80%
14114,Bottom 80%
14779,Bottom 80%
14420,Bottom 80%
13821,Bottom 80%
17711,Bottom 80%
13833,Bottom 80%
17250,Bottom 80%
17189,Bottom 80%
17205,Bottom 80%
16982,Bottom 80%
12733,Bottom 80%
15440,Bottom 80%
14460,Bottom 80%
15424,Bottom 80%
12832,Bottom 80%
18181,Bottom 80%
12802,Bottom 80%
13657,Bottom 80%
12593,Bottom 80%
17999,Bottom 80%
13338,Bottom 80%
13873,Bottom 80%
15090,Bottom 80%
13359,Bottom 80%
16441,Bottom 80%
12871,Bottom 80%
15048,Bottom 80%
16930,Bottom 80%
17138,Bottom 80%
12890,Bottom 80%
16769,Bottom 80%
17031,Bottom 80%
14731,Bottom 80%
17239,Bottom 80%
14594,Bottom 80%
16552,Bottom 80%
12580,Bottom 80%
13656,Bottom 80%
13589,Bottom 80%
14619,Bottom 80%
17878,Bottom 80%
16484,Bottom 80%
13954,Bottom 80%
17438,Bottom 80%
12982,Bottom 80%
15025,Bottom 80%
17489,Bottom 80%
17078,Bottom 80%
12375,Bottom 80%
14448,Bottom 80%
14048,Bottom 80%
14079,Bottom 80%
16147,Bottom 80%
12579,Bottom 80%
14067,Bottom 80%
17492,Bottom 80%
12873,Bottom 80%
16903,Bottom 80%
16239,Bottom 80%
17375,Bottom 80%
13569,Bottom 80%
12981,Bottom 80%
16065,Bottom 80%
17765,Bottom 80%
12725,Bottom 80%
15472,Bottom 80%
15975,Bottom 80%
15063,Bottom 80%
16343,Bottom 80%
16758,Bottom 80%
14888,Bottom 80%
12591,Bottom 80%
16372,Bottom 80%
15345,Bottom 80%
17911,Bottom 80%
12639,Bottom 80%
17358,Bottom 80%
17432,Bottom 80%
12448,Bottom 80%
13300,Bottom 80%
16202,Bottom 80%
15429,Bottom 80%
14886,Bottom 80%
15949,Bottom 80%
15343,Bottom 80%
14528,Bottom 80%
16909,Bottom 80%
12538,Bottom 80%
17330,Bottom 80%
14171,Bottom 80%
16509,Bottom 80%
12915,Bottom 80%
18056,Bottom 80%
16485,Bottom 80%
15922,Bottom 80%
13856,Bottom 80%
14427,Bottom 80%
16378,Bottom 80%
17573,Bottom 80%
12493,Bottom 80%
16052,Bottom 80%
15901,Bottom 80%
13844,Bottom 80%
13936,Bottom 80%
14950,Bottom 80%
16305,Bottom 80%
13291,Bottom 80%
15872,Bottom 80%
16595,Bottom 80%
13780,Bottom 80%
13298,Bottom 80%
12908,Bottom 80%
15664,Bottom 80%
14690,Bottom 80%
17948,Bottom 80%
16823,Bottom 80%
13228,Bottom 80%
13976,Bottom 80%
17025,Bottom 80%
16971,Bottom 80%
18040,Bottom 80%
13453,Bottom 80%
14500,Bottom 80%
15247,Bottom 80%
14537,Bottom 80%
12617,Bottom 80%
17742,Bottom 80%
16689,Bottom 80%
13642,Bottom 80%
17222,Bottom 80%
15870,Bottom 80%
12845,Bottom 80%
17252,Bottom 80%
13173,Bottom 80%
13210,Bottom 80%
14804,Bottom 80%
17976,Bottom 80%
15678,Bottom 80%
18112,Bottom 80%
14333,Bottom 80%
12582,Bottom 80%
15789,Bottom 80%
13923,Bottom 80%
15900,Bottom 80%
13332,Bottom 80%
13740,Bottom 80%
17835,Bottom 80%
17795,Bottom 80%
13108,Bottom 80%
12498,Bottom 80%
13670,Bottom 80%
13887,Bottom 80%
15885,Bottom 80%
15405,Bottom 80%
13927,Bottom 80%
13790,Bottom 80%
18127,Bottom 80%
15334,Bottom 80%
15579,Bottom 80%
12452,Bottom 80%
16159,Bottom 80%
13052,Bottom 80%
14379,Bottom 80%
18155,Bottom 80%
17668,Bottom 80%
12895,Bottom 80%
13587,Bottom 80%
13062,Bottom 80%
15713,Bottom 80%
13649,Bottom 80%
16423,Bottom 80%
16858,Bottom 80%
15840,Bottom 80%
17123,Bottom 80%
13774,Bottom 80%
14633,Bottom 80%
12792,Bottom 80%
16978,Bottom 80%
17569,Bottom 80%
13068,Bottom 80%
15120,Bottom 80%
15047,Bottom 80%
15520,Bottom 80%
18081,Bottom 80%
12875,Bottom 80%
14320,Bottom 80%
18250,Bottom 80%
17201,Bottom 80%
16851,Bottom 80%
16826,Bottom 80%
17917,Bottom 80%
14491,Bottom 80%
15115,Bottom 80%
13737,Bottom 80%
17045,Bottom 80%
16545,Bottom 80%
13352,Bottom 80%
17697,Bottom 80%
17839,Bottom 80%
16183,Bottom 80%
16274,Bottom 80%
15652,Bottom 80%
17736,Bottom 80%
15942,Bottom 80%
13930,Bottom 80%
17973,Bottom 80%
16105,Bottom 80%
17914,Bottom 80%
15619,Bottom 80%
17384,Bottom 80%
14954,Bottom 80%
18078,Bottom 80%
15921,Bottom 80%
14196,Bottom 80%
16063,Bottom 80%
17221,Bottom 80%
12690,Bottom 80%
14988,Bottom 80%
15466,Bottom 80%
15918,Bottom 80%
13216,Bottom 80%
15781,Bottom 80%
13727,Bottom 80%
16625,Bottom 80%
13904,Bottom 80%
16850,Bottom 80%
16803,Bottom 80%
16177,Bottom 80%
16030,Bottom 80%
15210,Bottom 80%
12891,Bottom 80%
16478,Bottom 80%
17862,Bottom 80%
15714,Bottom 80%
13706,Bottom 80%
12527,Bottom 80%
14517,Bottom 80%
15130,Bottom 80%
16593,Bottom 80%
12953,Bottom 80%
14716,Bottom 80%
17615,Bottom 80%
13239,Bottom 80%
17154,Bottom 80%
15153,Bottom 80%
13817,Bottom 80%
14012,Bottom 80%
13372,Bottom 80%
16855,Bottom 80%
16318,Bottom 80%
15314,Bottom 80%
14024,Bottom 80%
13345,Bottom 80%
16366,Bottom 80%
14870,Bottom 80%
16322,Bottom 80%
14987,Bottom 80%
17715,Bottom 80%
16071,Bottom 80%
12844,Bottom 80%
16830,Bottom 80%
17866,Bottom 80%
15944,Bottom 80%
15213,Bottom 80%
13801,Bottom 80%
12373,Bottom 80%
16685,Bottom 80%
18261,Bottom 80%
14555,Bottom 80%
13351,Bottom 80%
15675,Bottom 80%
18276,Bottom 80%
17793,Bottom 80%
13955,Bottom 80%
16627,Bottom 80%
16342,Bottom 80%
14424,Bottom 80%
14484,Bottom 80%
14823,Bottom 80%
15236,Bottom 80%
13497,Bottom 80%
12365,Bottom 80%
16096,Bottom 80%
14622,Bottom 80%
13986,Bottom 80%
13091,Bottom 80%
16716,Bottom 80%
16674,Bottom 80%
18117,Bottom 80%
14264,Bottom 80%
16499,Bottom 80%
16967,Bottom 80%
17229,Bottom 80%
17248,Bottom 80%
12795,Bottom 80%
14703,Bottom 80%
15363,Bottom 80%
18066,Bottom 80%
12552,Bottom 80%
17172,Bottom 80%
17267,Bottom 80%
16386,Bottom 80%
15385,Bottom 80%
15243,Bottom 80%
16761,Bottom 80%
15204,Bottom 80%
17458,Bottom 80%
13494,Bottom 80%
14479,Bottom 80%
15597,Bottom 80%
12614,Bottom 80%
16091,Bottom 80%
15766,Bottom 80%
16473,Bottom 80%
17237,Bottom 80%
16193,Bottom 80%
13919,Bottom 80%
14902,Bottom 80%
15970,Bottom 80%
12532,Bottom 80%
13484,Bottom 80%
12888,Bottom 80%
16582,Bottom 80%
14932,Bottom 80%
14729,Bottom 80%
15880,Bottom 80%
13845,Bottom 80%
15318,Bottom 80%
16739,Bottom 80%
12834,Bottom 80%
17362,Bottom 80%
17070,Bottom 80%
16450,Bottom 80%
14142,Bottom 80%
15326,Bottom 80%
14951,Bottom 80%
14327,Bottom 80%
13990,Bottom 80%
17854,Bottom 80%
13897,Bottom 80%
17266,Bottom 80%
15185,Bottom 80%
15224,Bottom 80%
14924,Bottom 80%
15101,Bottom 80%
15661,Bottom 80%
15699,Bottom 80%
14847,Bottom 80%
17604,Bottom 80%
12884,Bottom 80%
13787,Bottom 80%
15010,Bottom 80%
13699,Bottom 80%
17510,Bottom 80%
16227,Bottom 80%
14206,Bottom 80%
16123,Bottom 80%
13529,Bottom 80%
13395,Bottom 80%
13060,Bottom 80%
17120,Bottom 80%
13932,Bottom 80%
13142,Bottom 80%
15087,Bottom 80%
17551,Bottom 80%
16668,Bottom 80%
17334,Bottom 80%
13718,Bottom 80%
17157,Bottom 80%
15659,Bottom 80%
17176,Bottom 80%
15219,Bottom 80%
16796,Bottom 80%
16181,Bottom 80%
13045,Bottom 80%
13667,Bottom 80%
17941,Bottom 80%
15163,Bottom 80%
18185,Bottom 80%
17732,Bottom 80%
16400,Bottom 80%
13083,Bottom 80%
17433,Bottom 80%
16425,Bottom 80%
14248,Bottom 80%
18165,Bottom 80%
16104,Bottom 80%
15308,Bottom 80%
15054,Bottom 80%
15060,Bottom 80%
16715,Bottom 80%
15667,Bottom 80%
15148,Bottom 80%
15623,Bottom 80%
17978,Bottom 80%
16430,Bottom 80%
16479,Bottom 80%
14762,Bottom 80%
13304,Bottom 80%
15254,Bottom 80%
12648,Bottom 80%
12852,Bottom 80%
12544,Bottom 80%
16402,Bottom 80%
13863,Bottom 80%
18215,Bottom 80%
12489,Bottom 80%
17124,Bottom 80%
17255,Bottom 80%
17824,Bottom 80%
17678,Bottom 80%
12881,Bottom 80%
13466,Bottom 80%
18220,Bottom 80%
18053,Bottom 80%
15857,Bottom 80%
14985,Bottom 80%
18059,Bottom 80%
17531,Bottom 80%
13441,Bottom 80%
13751,Bottom 80%
13504,Bottom 80%
17912,Bottom 80%
12790,Bottom 80%
13708,Bottom 80%
16781,Bottom 80%
12350,Bottom 80%
13573,Bottom 80%
14747,Bottom 80%
17506,Bottom 80%
15732,Bottom 80%
14339,Bottom 80%
17163,Bottom 80%
15545,Bottom 80%
12566,Bottom 80%
16721,Bottom 80%
16956,Bottom 80%
13259,Bottom 80%
13502,Bottom 80%
13449,Bottom 80%
13745,Bottom 80%
13544,Bottom 80%
13347,Bottom 80%
14656,Bottom 80%
13479,Bottom 80%
14947,Bottom 80%
17691,Bottom 80%
16526,Bottom 80%
17081,Bottom 80%
14784,Bottom 80%
17464,Bottom 80%
14953,Bottom 80%
14162,Bottom 80%
16125,Bottom 80%
14549,Bottom 80%
17501,Bottom 80%
16808,Bottom 80%
15396,Bottom 80%
17977,Bottom 80%
17760,Bottom 80%
16998,Bottom 80%
16432,Bottom 80%
12519,Bottom 80%
13760,Bottom 80%
16555,Bottom 80%
14660,Bottom 80%
17080,Bottom 80%
16429,Bottom 80%
13439,Bottom 80%
17783,Bottom 80%
17251,Bottom 80%
17694,Bottom 80%
13754,Bottom 80%
13177,Bottom 80%
17247,Bottom 80%
16557,Bottom 80%
17403,Bottom 80%
16848,Bottom 80%
16292,Bottom 80%
14242,Bottom 80%
13606,Bottom 80%
16149,Bottom 80%
14975,Bottom 80%
15556,Bottom 80%
14480,Bottom 80%
17786,Bottom 80%
12515,Bottom 80%
16297,Bottom 80%
14850,Bottom 80%
14908,Bottom 80%
15279,Bottom 80%
17968,Bottom 80%
13803,Bottom 80%
15355,Bottom 80%
16883,Bottom 80%
13272,Bottom 80%
14508,Bottom 80%
12750,Bottom 80%
16810,Bottom 80%
14512,Bottom 80%
18190,Bottom 80%
16313,Bottom 80%
12715,Bottom 80%
16727,Bottom 80%
17254,Bottom 80%
13085,Bottom 80%
17498,Bottom 80%
14819,Bottom 80%
13917,Bottom 80%
14816,Bottom 80%
13058,Bottom 80%
13837,Bottom 80%
17767,Bottom 80%
17496,Bottom 80%
17011,Bottom 80%
16648,Bottom 80%
15774,Bottom 80%
13533,Bottom 80%
14520,Bottom 80%
13242,Bottom 80%
17094,Bottom 80%
15609,Bottom 80%
12623,Bottom 80%
14727,Bottom 80%
15408,Bottom 80%
17550,Bottom 80%
15320,Bottom 80%
17708,Bottom 80%
15517,Bottom 80%
16451,Bottom 80%
14863,Bottom 80%
16217,Bottom 80%
15119,Bottom 80%
12962,Bottom 80%
15019,Bottom 80%
17636,Bottom 80%
14068,Bottom 80%
17430,Bottom 80%
14423,Bottom 80%
13973,Bottom 80%
18108,Bottom 80%
15912,Bottom 80%
14452,Bottom 80%
15894,Bottom 80%
16936,Bottom 80%
16413,Bottom 80%
17385,Bottom 80%
13189,Bottom 80%
14053,Bottom 80%
15014,Bottom 80%
15107,Bottom 80%
15143,Bottom 80%
14149,Bottom 80%
17125,Bottom 80%
13127,Bottom 80%
16447,Bottom 80%
15577,Bottom 80%
14915,Bottom 80%
14350,Bottom 80%
13277,Bottom 80%
13227,Bottom 80%
14375,Bottom 80%
13626,Bottom 80%
12703,Bottom 80%
13806,Bottom 80%
17896,Bottom 80%
14761,Bottom 80%
15277,Bottom 80%
14881,Bottom 80%
16226,Bottom 80%
15261,Bottom 80%
13121,Bottom 80%
14765,Bottom 80%
15689,Bottom 80%
13343,Bottom 80%
12829,Bottom 80%
15759,Bottom 80%
17860,Bottom 80%
15035,Bottom 80%
13404,Bottom 80%
15346,Bottom 80%
18009,Bottom 80%
13645,Bottom 80%
13711,Bottom 80%
16836,Bottom 80%
17155,Bottom 80%
16976,Bottom 80%
13512,Bottom 80%
14764,Bottom 80%
13207,Bottom 80%
16596,Bottom 80%
17303,Bottom 80%
15510,Bottom 80%
17456,Bottom 80%
17190,Bottom 80%
18005,Bottom 80%
12785,Bottom 80%
13061,Bottom 80%
17111,Bottom 80%
18212,Bottom 80%
16510,Bottom 80%
15097,Bottom 80%
13592,Bottom 80%
14658,Bottom 80%
17051,Bottom 80%
15783,Bottom 80%
17278,Bottom 80%
16024,Bottom 80%
16778,Bottom 80%
17771,Bottom 80%
18270,Bottom 80%
15118,Bottom 80%
16528,Bottom 80%
17892,Bottom 80%
17925,Bottom 80%
13103,Bottom 80%
16793,Bottom 80%
16048,Bottom 80%
16601,Bottom 80%
13886,Bottom 80%
15634,Bottom 80%
17339,Bottom 80%
17908,Bottom 80%
14647,Bottom 80%
12650,Bottom 80%
16215,Bottom 80%
16330,Bottom 80%
15776,Bottom 80%
14523,Bottom 80%
16427,Bottom 80%
15286,Bottom 80%
15154,Bottom 80%
13565,Bottom 80%
17256,Bottom 80%
17181,Bottom 80%
15690,Bottom 80%
13570,Bottom 80%
17684,Bottom 80%
16756,Bottom 80%
12561,Bottom 80%
15850,Bottom 80%
17877,Bottom 80%
15457,Bottom 80%
18024,Bottom 80%
12604,Bottom 80%
16026,Bottom 80%
13187,Bottom 80%
15598,Bottom 80%
15462,Bottom 80%
14473,Bottom 80%
17060,Bottom 80%
16961,Bottom 80%
15483,Bottom 80%
13348,Bottom 80%
16583,Bottom 80%
14995,Bottom 80%
13678,Bottom 80%
18213,Bottom 80%
16117,Bottom 80%
15257,Bottom 80%
15393,Bottom 80%
16641,Bottom 80%
16321,Bottom 80%
15866,Bottom 80%
16445,Bottom 80%
13786,Bottom 80%
16926,Bottom 80%
13960,Bottom 80%
14311,Bottom 80%
12812,Bottom 80%
13474,Bottom 80%
15528,Bottom 80%
17347,Bottom 80%
13146,Bottom 80%
13712,Bottom 80%
13070,Bottom 80%
14205,Bottom 80%
17969,Bottom 80%
16527,Bottom 80%
14569,Bottom 80%
12492,Bottom 80%
12660,Bottom 80%
17212,Bottom 80%
17194,Bottom 80%
17572,Bottom 80%
16315,Bottom 80%
16777,Bottom 80%
17789,Bottom 80%
12672,Bottom 80%
14624,Bottom 80%
14357,Bottom 80%
14052,Bottom 80%
16587,Bottom 80%
17171,Bottom 80%
15175,Bottom 80%
16471,Bottom 80%
16753,Bottom 80%
14929,Bottom 80%
13926,Bottom 80%
18101,Bottom 80%
17534,Bottom 80%
15637,Bottom 80%
13382,Bottom 80%
15897,Bottom 80%
14598,Bottom 80%
14960,Bottom 80%
16392,Bottom 80%
13419,Bottom 80%
15790,Bottom 80%
18030,Bottom 80%
16482,Bottom 80%
13079,Bottom 80%
18114,Bottom 80%
13600,Bottom 80%
15096,Bottom 80%
16895,Bottom 80%
13669,Bottom 80%
17619,Bottom 80%
13428,Bottom 80%
12732,Bottom 80%
16634,Bottom 80%
14570,Bottom 80%
15554,Bottom 80%
13739,Bottom 80%
13503,Bottom 80%
15460,Bottom 80%
12897,Bottom 80%
12430,Bottom 80%
15604,Bottom 80%
17436,Bottom 80%
14104,Bottom 80%
13858,Bottom 80%
16179,Bottom 80%
15052,Bottom 80%
14476,Bottom 80%
16189,Bottom 80%
16190,Bottom 80%
12831,Bottom 80%
16338,Bottom 80%
16411,Bottom 80%
16846,Bottom 80%
14793,Bottom 80%
16647,Bottom 80%
14601,Bottom 80%
13621,Bottom 80%
17153,Bottom 80%
13369,Bottom 80%
14241,Bottom 80%
13411,Bottom 80%
16591,Bottom 80%
15540,Bottom 80%
14984,Bottom 80%
16897,Bottom 80%
16519,Bottom 80%
18193,Bottom 80%
16302,Bottom 80%
17580,Bottom 80%
15724,Bottom 80%
16017,Bottom 80%
15703,Bottom 80%
16415,Bottom 80%
16356,Bottom 80%
13532,Bottom 80%
13828,Bottom 80%
17855,Bottom 80%
15327,Bottom 80%
17514,Bottom 80%
16690,Bottom 80%
16914,Bottom 80%
16457,Bottom 80%
18191,Bottom 80%
16866,Bottom 80%
16323,Bottom 80%
17923,Bottom 80%
16752,Bottom 80%
13099,Bottom 80%
15925,Bottom 80%
15820,Bottom 80%
14964,Bottom 80%
18110,Bottom 80%
13065,Bottom 80%
17670,Bottom 80%
15307,Bottom 80%
15758,Bottom 80%
13513,Bottom 80%
15319,Bottom 80%
18126,Bottom 80%
16619,Bottom 80%
17206,Bottom 80%
18273,Bottom 80%
13017,Bottom 80%
17187,Bottom 80%
17889,Bottom 80%
17394,Bottom 80%
17891,Bottom 80%
17376,Bottom 80%
15723,Bottom 80%
14381,Bottom 80%
18169,Bottom 80%
12718,Bottom 80%
14385,Bottom 80%
15347,Bottom 80%
13859,Bottom 80%
12702,Bottom 80%
12995,Bottom 80%
13262,Bottom 80%
15437,Bottom 80%
13980,Bottom 80%
14782,Bottom 80%
13723,Bottom 80%
15593,Bottom 80%
13322,Bottom 80%
17383,Bottom 80%
16832,Bottom 80%
17987,Bottom 80%
13295,Bottom 80%
16178,Bottom 80%
12450,Bottom 80%
17843,Bottom 80%
14185,Bottom 80%
14789,Bottom 80%
17301,Bottom 80%
13349,Bottom 80%
16829,Bottom 80%
14304,Bottom 80%
15234,Bottom 80%
13436,Bottom 80%
13978,Bottom 80%
14830,Bottom 80%
13284,Bottom 80%
17660,Bottom 80%
16112,Bottom 80%
12402,Bottom 80%
13792,Bottom 80%
15612,Bottom 80%
14100,Bottom 80%
16887,Bottom 80%
17475,Bottom 80%
15683,Bottom 80%
15198,Bottom 80%
17343,Bottom 80%
16847,Bottom 80%
17608,Bottom 80%
14806,Bottom 80%
14801,Bottom 80%
13568,Bottom 80%
16965,Bottom 80%
15909,Bottom 80%
14966,Bottom 80%
17988,Bottom 80%
15692,Bottom 80%
17233,Bottom 80%
13033,Bottom 80%
15412,Bottom 80%
14501,Bottom 80%
13972,Bottom 80%
17885,Bottom 80%
17166,Bottom 80%
13663,Bottom 80%
18045,Bottom 80%
16448,Bottom 80%
14697,Bottom 80%
12893,Bottom 80%
17781,Bottom 80%
14722,Bottom 80%
17279,Bottom 80%
18013,Bottom 80%
16124,Bottom 80%
17693,Bottom 80%
14551,Bottom 80%
15567,Bottom 80%
17574,Bottom 80%
17010,Bottom 80%
14199,Bottom 80%
16097,Bottom 80%
13482,Bottom 80%
17928,Bottom 80%
17680,Bottom 80%
16433,Bottom 80%
15124,Bottom 80%
16680,Bottom 80%
14059,Bottom 80%
13460,Bottom 80%
13059,Bottom 80%
15746,Bottom 80%
17772,Bottom 80%
12574,Bottom 80%
14082,Bottom 80%
14087,Bottom 80%
18119,Bottom 80%
16594,Bottom 80%
15886,Bottom 80%
15945,Bottom 80%
15292,Bottom 80%
16835,Bottom 80%
18280,Bottom 80%
13710,Bottom 80%
15041,Bottom 80%
14666,Bottom 80%
12586,Bottom 80%
12581,Bottom 80%
13826,Bottom 80%
18147,Bottom 80%
15895,Bottom 80%
15454,Bottom 80%
16990,Bottom 80%
14705,Bottom 80%
16620,Bottom 80%
15139,Bottom 80%
15262,Bottom 80%
17904,Bottom 80%
13778,Bottom 80%
17879,Bottom 80%
13008,Bottom 80%
13271,Bottom 80%
17253,Bottom 80%
17356,Bottom 80%
12791,Bottom 80%
13618,Bottom 80%
13072,Bottom 80%
17440,Bottom 80%
17947,Bottom 80%
16080,Bottom 80%
18282,Bottom 80%
12923,Bottom 80%
17582,Bottom 80%
16144,Bottom 80%
17331,Bottom 80%
12361,Bottom 80%
12588,Bottom 80%
18010,Bottom 80%
14355,Bottom 80%
13560,Bottom 80%
14518,Bottom 80%
15335,Bottom 80%
18278,Bottom 80%
14798,Bottom 80%
16565,Bottom 80%
15565,Bottom 80%
15670,Bottom 80%
14693,Bottom 80%
18048,Bottom 80%
13922,Bottom 80%
13690,Bottom 80%
14536,Bottom 80%
16773,Bottom 80%
17245,Bottom 80%
15432,Bottom 80%
17542,Bottom 80%
18058,Bottom 80%
15016,Bottom 80%
16921,Bottom 80%
13962,Bottom 80%
14218,Bottom 80%
18004,Bottom 80%
14578,Bottom 80%
14860,Bottom 80%
17367,Bottom 80%
18099,Bottom 80%
16282,Bottom 80%
17737,Bottom 80%
15986,Bottom 80%
15374,Bottom 80%
12551,Bottom 80%
18088,Bottom 80%
17561,Bottom 80%
16952,Bottom 80%
13598,Bottom 80%
16405,Bottom 80%
14326,Bottom 80%
12797,Bottom 80%
17650,Bottom 80%
14485,Bottom 80%
14552,Bottom 80%
18042,Bottom 80%
15316,Bottom 80%
13470,Bottom 80%
15904,Bottom 80%
17535,Bottom 80%
13603,Bottom 80%
12920,Bottom 80%
18200,Bottom 80%
14354,Bottom 80%
15920,Bottom 80%
17110,Bottom 80%
13223,Bottom 80%
16406,Bottom 80%
15167,Bottom 80%
16517,Bottom 80%
15733,Bottom 80%
15325,Bottom 80%
12622,Bottom 80%
16932,Bottom 80%
17600,Bottom 80%
15458,Bottom 80%
16113,Bottom 80%
14362,Bottom 80%
16403,Bottom 80%
14204,Bottom 80%
14089,Bottom 80%
14237,Bottom 80%
13229,Bottom 80%
15852,Bottom 80%
17344,Bottom 80%
12573,Bottom 80%
18203,Bottom 80%
18146,Bottom 80%
14714,Bottom 80%
12966,Bottom 80%
16213,Bottom 80%
18224,Bottom 80%
13937,Bottom 80%
17165,Bottom 80%
12509,Bottom 80%
18014,Bottom 80%
15160,Bottom 80%
15348,Bottom 80%
15988,Bottom 80%
17556,Bottom 80%
14295,Bottom 80%
14799,Bottom 80%
14148,Bottom 80%
17128,Bottom 80%
14585,Bottom 80%
17118,Bottom 80%
15007,Bottom 80%
14406,Bottom 80%
12522,Bottom 80%
15438,Bottom 80%
15263,Bottom 80%
14287,Bottom 80%
16861,Bottom 80%
13898,Bottom 80%
17871,Bottom 80%
17899,Bottom 80%
12441,Bottom 80%
14813,Bottom 80%
17832,Bottom 80%
16720,Bottom 80%
15447,Bottom 80%
13809,Bottom 80%
14368,Bottom 80%
17698,Bottom 80%
15740,Bottom 80%
17026,Bottom 80%
15226,Bottom 80%
17517,Bottom 80%
17286,Bottom 80%
16351,Bottom 80%
12602,Bottom 80%
17714,Bottom 80%
16248,Bottom 80%
17984,Bottom 80%
18138,Bottom 80%
14066,Bottom 80%
17707,Bottom 80%
13514,Bottom 80%
14039,Bottom 80%
17898,Bottom 80%
16617,Bottom 80%
16412,Bottom 80%
12547,Bottom 80%
14208,Bottom 80%
14046,Bottom 80%
16461,Bottom 80%
13697,Bottom 80%
16337,Bottom 80%
12367,Bottom 80%
15717,Bottom 80%
17234,Bottom 80%
15869,Bottom 80%
17946,Bottom 80%
18262,Bottom 80%
15748,Bottom 80%
15435,Bottom 80%
13003,Bottom 80%
17549,Bottom 80%
15526,Bottom 80%
17859,Bottom 80%
14968,Bottom 80%
14098,Bottom 80%
14037,Bottom 80%
12864,Bottom 80%
15503,Bottom 80%
17030,Bottom 80%
14238,Bottom 80%
16893,Bottom 80%
12641,Bottom 80%
13866,Bottom 80%
15937,Bottom 80%
17524,Bottom 80%
16852,Bottom 80%
12974,Bottom 80%
12442,Bottom 80%
17186,Bottom 80%
12736,Bottom 80%
13462,Bottom 80%
15705,Bottom 80%
17935,Bottom 80%
13299,Bottom 80%
16287,Bottom 80%
14386,Bottom 80%
13584,Bottom 80%
13561,Bottom 80%
14041,Bottom 80%
16598,Bottom 80%
15388,Bottom 80%
13420,Bottom 80%
13483,Bottom 80%
14494,Bottom 80%
14073,Bottom 80%
14768,Bottom 80%
17718,Bottom 80%
16483,Bottom 80%
14772,Bottom 80%
18209,Bottom 80%
13273,Bottom 80%
18269,Bottom 80%
12902,Bottom 80%
14581,Bottom 80%
17122,Bottom 80%
13716,Bottom 80%
15663,Bottom 80%
12512,Bottom 80%
16050,Bottom 80%
17709,Bottom 80%
12738,Bottom 80%
12618,Bottom 80%
17468,Bottom 80%
15691,Bottom 80%
14247,Bottom 80%
17972,Bottom 80%
12968,Bottom 80%
15042,Bottom 80%
14889,Bottom 80%
15419,Bottom 80%
16114,Bottom 80%
15174,Bottom 80%
15888,Bottom 80%
16665,Bottom 80%
15276,Bottom 80%
12851,Bottom 80%
16055,Bottom 80%
14340,Bottom 80%
15562,Bottom 80%
14174,Bottom 80%
14586,Bottom 80%
12837,Bottom 80%
14280,Bottom 80%
13217,Bottom 80%
14349,Bottom 80%
17881,Bottom 80%
15709,Bottom 80%
17647,Bottom 80%
17785,Bottom 80%
14438,Bottom 80%
17297,Bottom 80%
17455,Bottom 80%
14795,Bottom 80%
12565,Bottom 80%
15844,Bottom 80%
16679,Bottom 80%
16623,Bottom 80%
14483,Bottom 80%
15543,Bottom 80%
17359,Bottom 80%
13781,Bottom 80%
15135,Bottom 80%
15578,Bottom 80%
15923,Bottom 80%
14962,Bottom 80%
13279,Bottom 80%
16414,Bottom 80%
15463,Bottom 80%
16988,Bottom 80%
12817,Bottom 80%
13522,Bottom 80%
14861,Bottom 80%
14890,Bottom 80%
15017,Bottom 80%
12531,Bottom 80%
17148,Bottom 80%
17578,Bottom 80%
16849,Bottom 80%
16569,Bottom 80%
14495,Bottom 80%
16658,Bottom 80%
15917,Bottom 80%
17967,Bottom 80%
13876,Bottom 80%
14413,Bottom 80%
13638,Bottom 80%
14165,Bottom 80%
14076,Bottom 80%
18018,Bottom 80%
13244,Bottom 80%
13182,Bottom 80%
15049,Bottom 80%
15512,Bottom 80%
16611,Bottom 80%
13002,Bottom 80%
17446,Bottom 80%
18015,Bottom 80%
14259,Bottom 80%
14314,Bottom 80%
14453,Bottom 80%
16542,Bottom 80%
15266,Bottom 80%
16666,Bottom 80%
15843,Bottom 80%
17079,Bottom 80%
14155,Bottom 80%
13581,Bottom 80%
13193,Bottom 80%
17654,Bottom 80%
15836,Bottom 80%
16959,Bottom 80%
13877,Bottom 80%
17117,Bottom 80%
17601,Bottom 80%
13170,Bottom 80%
14143,Bottom 80%
15350,Bottom 80%
13067,Bottom 80%
18027,Bottom 80%
14972,Bottom 80%
13188,Bottom 80%
14632,Bottom 80%
16247,Bottom 80%
14974,Bottom 80%
17852,Bottom 80%
17219,Bottom 80%
14652,Bottom 80%
12938,Bottom 80%
14582,Bottom 80%
15221,Bottom 80%
12651,Bottom 80%
14457,Bottom 80%
16828,Bottom 80%
17217,Bottom 80%
15445,Bottom 80%
18105,Bottom 80%
16913,Bottom 80%
15280,Bottom 80%
14689,Bottom 80%
16697,Bottom 80%
13161,Bottom 80%
13807,Bottom 80%
18129,Bottom 80%
15610,Bottom 80%
17038,Bottom 80%
14271,Bottom 80%
17893,Bottom 80%
12756,Bottom 80%
17274,Bottom 80%
17887,Bottom 80%
18120,Bottom 80%
13508,Bottom 80%
13144,Bottom 80%
15537,Bottom 80%
13519,Bottom 80%
15853,Bottom 80%
17349,Bottom 80%
17957,Bottom 80%
16963,Bottom 80%
14641,Bottom 80%
12734,Bottom 80%
16792,Bottom 80%
17901,Bottom 80%
16339,Bottom 80%
17836,Bottom 80%
13133,Bottom 80%
16363,Bottom 80%
14699,Bottom 80%
14345,Bottom 80%
17639,Bottom 80%
16106,Bottom 80%
13226,Bottom 80%
12956,Bottom 80%
15935,Bottom 80%
14661,Bottom 80%
16784,Bottom 80%
15395,Bottom 80%
16757,Bottom 80%
15168,Bottom 80%
15070,Bottom 80%
17791,Bottom 80%
12929,Bottom 80%
15775,Bottom 80%
14027,Bottom 80%
15607,Bottom 80%
15958,Bottom 80%
18174,Bottom 80%
12587,Bottom 80%
18255,Bottom 80%
14542,Bottom 80%
17962,Bottom 80%
18011,Bottom 80%
14836,Bottom 80%
14981,Bottom 80%
13948,Bottom 80%
16462,Bottom 80%
18068,Bottom 80%
16516,Bottom 80%
17643,Bottom 80%
16006,Bottom 80%
18086,Bottom 80%
13101,Bottom 80%
16344,Bottom 80%
14946,Bottom 80%
17427,Bottom 80%
14371,Bottom 80%
15973,Bottom 80%
13703,Bottom 80%
17939,Bottom 80%
17746,Bottom 80%
15256,Bottom 80%
17538,Bottom 80%
17895,Bottom 80%
18033,Bottom 80%
15422,Bottom 80%
18277,Bottom 80%
12984,Bottom 80%
17325,Bottom 80%
15216,Bottom 80%
14642,Bottom 80%
17024,Bottom 80%
18249,Bottom 80%
16387,Bottom 80%
16073,Bottom 80%
15397,Bottom 80%
15428,Bottom 80%
18227,Bottom 80%
13283,Bottom 80%
17991,Bottom 80%
12821,Bottom 80%
14054,Bottom 80%
13551,Bottom 80%
13160,Bottom 80%
15488,Bottom 80%
13947,Bottom 80%
14353,Bottom 80%
16506,Bottom 80%
15552,Bottom 80%
16597,Bottom 80%
14117,Bottom 80%
14219,Bottom 80%
14436,Bottom 80%
12353,Bottom 80%
15212,Bottom 80%
15083,Bottom 80%
18084,Bottom 80%
15180,Bottom 80%
13296,Bottom 80%
16498,Bottom 80%
12814,Bottom 80%
15541,Bottom 80%
13841,Bottom 80%
13666,Bottom 80%
17309,Bottom 80%
16424,Bottom 80%
13006,Bottom 80%
17620,Bottom 80%
18281,Bottom 80%
16789,Bottom 80%
13967,Bottom 80%
17752,Bottom 80%
14109,Bottom 80%
13747,Bottom 80%
15753,Bottom 80%
16078,Bottom 80%
13651,Bottom 80%
17942,Bottom 80%
12445,Bottom 80%
14785,Bottom 80%
13132,Bottom 80%
12789,Bottom 80%
13992,Bottom 80%
14373,Bottom 80%
17536,Bottom 80%
14090,Bottom 80%
16148,Bottom 80%
15668,Bottom 80%
18113,Bottom 80%
17995,Bottom 80%
17628,Bottom 80%
16610,Bottom 80%
13403,Bottom 80%
16468,Bottom 80%
18050,Bottom 80%
13095,Bottom 80%
17960,Bottom 80%
12659,Bottom 80%
12506,Bottom 80%
18032,Bottom 80%
16171,Bottom 80%
17906,Bottom 80%
13686,Bottom 80%
13938,Bottom 80%
13185,Bottom 80%
12686,Bottom 80%
17022,Bottom 80%
16581,Bottom 80%
18037,Bottom 80%
12401,Bottom 80%
15863,Bottom 80%
14393,Bottom 80%
12548,Bottom 80%
17382,Bottom 80%
17747,Bottom 80%
13684,Bottom 80%
13130,Bottom 80%
13302,Bottom 80%
17263,Bottom 80%
14437,Bottom 80%
14840,Bottom 80%
13218,Bottom 80%
15516,Bottom 80%
15729,Bottom 80%
13194,Bottom 80%
12504,Bottom 80%
17174,Bottom 80%
13391,Bottom 80%
13682,Bottom 80%
13106,Bottom 80%
14957,Bottom 80%
13080,Bottom 80%
17775,Bottom 80%
15899,Bottom 80%
13366,Bottom 80%
14760,Bottom 80%
16349,Bottom 80%
15504,Bottom 80%
14865,Bottom 80%
15313,Bottom 80%
14682,Bottom 80%
17844,Bottom 80%
14351,Bottom 80%
13011,Bottom 80%
18184,Bottom 80%
14821,Bottom 80%
15603,Bottom 80%
14080,Bottom 80%
12665,Bottom 80%
15423,Bottom 80%
14300,Bottom 80%
15992,Bottom 80%
13832,Bottom 80%
15178,Bottom 80%
14589,Bottom 80%
12977,Bottom 80%
16659,Bottom 80%
18019,Bottom 80%
12855,Bottom 80%
16162,Bottom 80%
17816,Bottom 80%
15940,Bottom 80%
16856,Bottom 80%
17831,Bottom 80%
14576,Bottom 80%
15744,Bottom 80%
16765,Bottom 80%
17408,Bottom 80%
13120,Bottom 80%
15657,Bottom 80%
17102,Bottom 80%
16257,Bottom 80%
17986,Bottom 80%
16953,Bottom 80%
16093,Bottom 80%
17900,Bottom 80%
17763,Bottom 80%
13307,Bottom 80%
17956,Bottom 80%
18072,Bottom 80%
16454,Bottom 80%
16738,Bottom 80%
16446,Bottom 80%
12454,Bottom 80%
12558,Bottom 80%
12607,Bottom 80%
13762,Bottom 80%
18274,Bottom 80%
16878,Bottom 80%
14557,Bottom 80%
14792,Bottom 80%
18268,Bottom 80%
12346,Bottom 80%
13364,Bottom 80%
13672,Bottom 80%
16995,Bottom 80%
14679,Bottom 80%
16428,Bottom 80%
12943,Bottom 80%
12605,Bottom 80%
16138,Bottom 80%
17547,Bottom 80%
12870,Bottom 80%
14777,Bottom 80%
14119,Bottom 80%
14627,Bottom 80%
17820,Bottom 80%
16061,Bottom 80%
16579,Bottom 80%
16262,Bottom 80%
13693,Bottom 80%
18141,Bottom 80%
18256,Bottom 80%
15638,Bottom 80%
16546,Bottom 80%
13829,Bottom 80%
13958,Bottom 80%
15728,Bottom 80%
17548,Bottom 80%
17307,Bottom 80%
12666,Bottom 80%
16252,Bottom 80%
16742,Bottom 80%
15823,Bottom 80%
14213,Bottom 80%
