StockCode,Value_segment
10002,Bottom 80%
10080,Bottom 80%
10120,Bottom 80%
10123C,Bottom 80%
10124A,Bottom 80%
10124G,Bottom 80%
10125,Bottom 80%
10133,Bottom 80%
10135,Bottom 80%
11001,Bottom 80%
15030,Bottom 80%
15034,Bottom 80%
15036,95–99%
15039,Bottom 80%
15044A,Bottom 80%
15044B,Bottom 80%
15044C,Bottom 80%
15044D,Bottom 80%
15056BL,95–99%
15056N,95–99%
15056P,80–95%
15058A,Bottom 80%
15058B,Bottom 80%
15058C,Bottom 80%
15060B,Bottom 80%
16008,Bottom 80%
16010,Bottom 80%
16011,Bottom 80%
16012,Bottom 80%
16014,80–95%
16015,Bottom 80%
16016,Bottom 80%
16020C,Bottom 80%
16033,Bottom 80%
16043,Bottom 80%
16045,Bottom 80%
16046,Bottom 80%
16048,Bottom 80%
16049,Bottom 80%
16052,Bottom 80%
16054,Bottom 80%
16151A,Bottom 80%
16156L,Bottom 80%
16156S,Bottom 80%
16161G,Bottom 80%
16161M,Bottom 80%
16161P,Bottom 80%
16161U,Bottom 80%
16162L,Bottom 80%
16162M,Bottom 80%
16168M,Bottom 80%
16169E,Bottom 80%
16169K,Bottom 80%
16169M,Bottom 80%
16169N,Bottom 80%
16169P,Bottom 80%
16202A,Bottom 80%
16202B,Bottom 80%
16202E,Bottom 80%
16206B,Bottom 80%
16207A,Bottom 80%
16207B,Bottom 80%
16216,Bottom 80%
16218,Bottom 80%
16219,Bottom 80%
16225,Bottom 80%
16235,Bottom 80%
16236,Bottom 80%
16237,Bottom 80%
16238,Bottom 80%
16244B,Bottom 80%
16248B,Bottom 80%
16254,Bottom 80%
16258A,Bottom 80%
16259,Bottom 80%
17001,Bottom 80%
17003,80–95%
17007B,Bottom 80%
17011F,Bottom 80%
17012A,Bottom 80%
17012B,Bottom 80%
17012C,Bottom 80%
17012D,Bottom 80%
17012E,Bottom 80%
17012F,Bottom 80%
17013D,Bottom 80%
17014A,Bottom 80%
17021,Bottom 80%
17028J,Bottom 80%
17038,Bottom 80%
17084A,Bottom 80%
17084J,Bottom 80%
17084N,Bottom 80%
17084P,Bottom 80%
17084R,Bottom 80%
17090A,Bottom 80%
17090D,Bottom 80%
17091A,Bottom 80%
17091J,Bottom 80%
17096,Bottom 80%
17107D,Bottom 80%
17109D,Bottom 80%
17129F,Bottom 80%
17136A,Bottom 80%
17164B,Bottom 80%
17165D,Bottom 80%
17174,Bottom 80%
17191A,Bottom 80%
18007,Bottom 80%
18094C,Bottom 80%
18097A,Bottom 80%
18097C,Bottom 80%
18098C,Bottom 80%
20615,Bottom 80%
20616,Bottom 80%
20617,Bottom 80%
20618,Bottom 80%
20619,Bottom 80%
20622,Bottom 80%
20652,Bottom 80%
20653,Bottom 80%
20654,Bottom 80%
20655,Bottom 80%
20657,Bottom 80%
20658,Bottom 80%
20659,Bottom 80%
20661,Bottom 80%
20662,Bottom 80%
20663,Bottom 80%
20664,Bottom 80%
20665,Bottom 80%
20666,Bottom 80%
20667,Bottom 80%
20668,Bottom 80%
20669,Bottom 80%
20670,Bottom 80%
20671,Bottom 80%
20674,Bottom 80%
20675,80–95%
20676,80–95%
20677,80–95%
20678,Bottom 80%
20679,80–95%
20681,Bottom 80%
20682,80–95%
20684,Bottom 80%
20685,Top 1%
20686,Bottom 80%
20694,Bottom 80%
20695,Bottom 80%
20696,Bottom 80%
20697,Bottom 80%
20698,Bottom 80%
20699,Bottom 80%
20700,Bottom 80%
20701,Bottom 80%
20702,Bottom 80%
20703,Bottom 80%
20704,Bottom 80%
20705,Bottom 80%
20707,Bottom 80%
20711,80–95%
20712,95–99%
20713,95–99%
20716,Bottom 80%
20717,80–95%
20718,80–95%
20719,95–99%
20723,95–99%
20724,95–99%
20725,Top 1%
20726,95–99%
20727,95–99%
20728,95–99%
20731,Bottom 80%
20733,Bottom 80%
20734,Bottom 80%
20735,Bottom 80%
20748,Bottom 80%
20749,95–99%
20750,95–99%
20751,Bottom 80%
20752,Bottom 80%
20754,80–95%
20755,Bottom 80%
20756,Bottom 80%
20757,Bottom 80%
20758,Bottom 80%
20759,Bottom 80%
20760,Bottom 80%
20761,Bottom 80%
20762,Bottom 80%
20763,Bottom 80%
20764,Bottom 80%
20765,Bottom 80%
20766,Bottom 80%
20767,Bottom 80%
20768,Bottom 80%
20769,Bottom 80%
20770,Bottom 80%
20771,Bottom 80%
20772,Bottom 80%
20773,Bottom 80%
20774,Bottom 80%
20775,Bottom 80%
20777,Bottom 80%
20778,Bottom 80%
20780,Bottom 80%
20781,Bottom 80%
20782,Bottom 80%
20785,Bottom 80%
20793,Bottom 80%
20794,Bottom 80%
20795,Bottom 80%
20796,Bottom 80%
20798,Bottom 80%
20801,Bottom 80%
20802,Bottom 80%
20803,Bottom 80%
20816,Bottom 80%
20818,Bottom 80%
20819,Bottom 80%
20820,Bottom 80%
20821,Bottom 80%
20823,Bottom 80%
20826,Bottom 80%
20827,Bottom 80%
20828,Bottom 80%
20829,Bottom 80%
20830,Bottom 80%
20831,Bottom 80%
20832,Bottom 80%
20835,Bottom 80%
20836,Bottom 80%
20837,Bottom 80%
20838,Bottom 80%
20839,Bottom 80%
20840,Bottom 80%
20845,Bottom 80%
20846,Bottom 80%
20847,Bottom 80%
20848,Bottom 80%
20851,Bottom 80%
20854,Bottom 80%
20856,Bottom 80%
20857,Bottom 80%
20860,Bottom 80%
20861,Bottom 80%
20866,Bottom 80%
20867,Bottom 80%
20868,Bottom 80%
20869,Bottom 80%
20871,Bottom 80%
20878,Bottom 80%
20886,Bottom 80%
20892,Bottom 80%
20893,Bottom 80%
20894,Bottom 80%
20897,Bottom 80%
20898,Bottom 80%
20901,Bottom 80%
20902,Bottom 80%
20903,Bottom 80%
20906,Bottom 80%
20910,Bottom 80%
20914,95–99%
20931,Bottom 80%
20932,Bottom 80%
20933,Bottom 80%
20934,Bottom 80%
20935,Bottom 80%
20936,Bottom 80%
20941,Bottom 80%
20954,Bottom 80%
20956,Bottom 80%
20957,Bottom 80%
20960,Bottom 80%
20961,Bottom 80%
20963,Bottom 80%
20964,Bottom 80%
20966,Bottom 80%
20967,Bottom 80%
20969,80–95%
20970,80–95%
20971,80–95%
20972,80–95%
20973,80–95%
20974,80–95%
20975,80–95%
20977,Bottom 80%
20978,Bottom 80%
20979,80–95%
20980,Bottom 80%
20981,Bottom 80%
20982,Bottom 80%
20983,Bottom 80%
20984,Bottom 80%
20985,Bottom 80%
20986,Bottom 80%
20992,Bottom 80%
20996,Bottom 80%
20997,Bottom 80%
20998,Bottom 80%
21000,Bottom 80%
21001,Bottom 80%
21002,Bottom 80%
21003,Bottom 80%
21009,Bottom 80%
21011,Bottom 80%
21012,Bottom 80%
21014,Bottom 80%
21015,Bottom 80%
21018,Bottom 80%
21025,Bottom 80%
21026,Bottom 80%
21027,Bottom 80%
21028,Bottom 80%
21030,Bottom 80%
21031,Bottom 80%
21032,Bottom 80%
21033,80–95%
21034,Bottom 80%
21035,80–95%
21038,Bottom 80%
21039,Bottom 80%
21040,Bottom 80%
21041,80–95%
21042,Bottom 80%
21043,Bottom 80%
21051,Bottom 80%
21054,Bottom 80%
21055,Bottom 80%
21056,Bottom 80%
21058,Bottom 80%
21059,Bottom 80%
21060,Bottom 80%
21061,Bottom 80%
21062,Bottom 80%
21063,Bottom 80%
21064,Bottom 80%
21065,Bottom 80%
21066,Bottom 80%
21067,Bottom 80%
21068,Bottom 80%
21069,Bottom 80%
21070,Bottom 80%
21071,Bottom 80%
21078,Bottom 80%
21080,95–99%
21082,Bottom 80%
21084,Bottom 80%
21086,80–95%
21087,Bottom 80%
21088,Bottom 80%
21089,Bottom 80%
21090,Bottom 80%
21094,80–95%
21095,Bottom 80%
21096,Bottom 80%
21098,80–95%
21100,Bottom 80%
21106,Bottom 80%
21107,Bottom 80%
21108,95–99%
21109,Bottom 80%
21110,80–95%
21111,Bottom 80%
21112,Bottom 80%
21114,Bottom 80%
21115,80–95%
21116,80–95%
21117,Bottom 80%
21120,Bottom 80%
21121,80–95%
21122,80–95%
21123,Bottom 80%
21124,80–95%
21125,Bottom 80%
21126,Bottom 80%
21128,Bottom 80%
21129,Bottom 80%
21131,Bottom 80%
21132,Bottom 80%
21135,Bottom 80%
21136,80–95%
21137,Top 1%
21143,Bottom 80%
21144,Bottom 80%
21145,Bottom 80%
21147,Bottom 80%
21154,80–95%
21155,80–95%
21156,80–95%
21157,Bottom 80%
21158,Bottom 80%
21159,Bottom 80%
21160,Bottom 80%
21161,Bottom 80%
21162,Bottom 80%
21163,Bottom 80%
21164,80–95%
21165,80–95%
21166,95–99%
21167,Bottom 80%
21169,80–95%
21171,Bottom 80%
21172,80–95%
21174,80–95%
21175,95–99%
21179,Bottom 80%
21181,95–99%
21186,Bottom 80%
21187,Bottom 80%
21188,Bottom 80%
21189,Bottom 80%
21190,Bottom 80%
21191,Bottom 80%
21192,Bottom 80%
21194,Bottom 80%
21195,Bottom 80%
21196,Bottom 80%
21197,Bottom 80%
21198,Bottom 80%
21199,Bottom 80%
21200,Bottom 80%
21201,Bottom 80%
21202,Bottom 80%
21204,Bottom 80%
21205,Bottom 80%
21206,Bottom 80%
21207,Bottom 80%
21208,Bottom 80%
21209,Bottom 80%
21210,80–95%
21211,Bottom 80%
21212,95–99%
21213,80–95%
21215,Bottom 80%
21216,95–99%
21217,95–99%
21218,80–95%
21219,Bottom 80%
21220,Bottom 80%
21221,Bottom 80%
21222,Bottom 80%
21224,Bottom 80%
21226,Bottom 80%
21228,Bottom 80%
21231,80–95%
21232,95–99%
21238,80–95%
21239,Bottom 80%
21240,80–95%
21242,80–95%
21243,80–95%
21244,80–95%
21245,Bottom 80%
21246,Bottom 80%
21248,Bottom 80%
21249,Bottom 80%
21250,Bottom 80%
21251,Bottom 80%
21253,Bottom 80%
21257,80–95%
21258,80–95%
21259,80–95%
21260,80–95%
21261,Bottom 80%
21262,Bottom 80%
21263,Bottom 80%
21264,Bottom 80%
21265,Bottom 80%
21268,Bottom 80%
21269,Bottom 80%
21270,Bottom 80%
21272,Bottom 80%
21275,Bottom 80%
21277,Bottom 80%
21278,Bottom 80%
21279,Bottom 80%
21280,Bottom 80%
21281,Bottom 80%
21284,Bottom 80%
21285,Bottom 80%
21286,Bottom 80%
21287,Bottom 80%
21288,Bottom 80%
21289,Bottom 80%
21291,Bottom 80%
21292,Bottom 80%
21293,Bottom 80%
21294,Bottom 80%
21306,Bottom 80%
21307,Bottom 80%
21310,Bottom 80%
21311,Bottom 80%
21313,Bottom 80%
21314,80–95%
21316,Bottom 80%
21317,Bottom 80%
21318,Bottom 80%
21319,Bottom 80%
21320,Bottom 80%
21324,Bottom 80%
21326,80–95%
21327,Bottom 80%
21328,Bottom 80%
21329,Bottom 80%
21331,Bottom 80%
21332,Bottom 80%
21333,Bottom 80%
21336,Bottom 80%
21340,80–95%
21344,Bottom 80%
21348,Bottom 80%
21349,Bottom 80%
21351,Bottom 80%
21352,Bottom 80%
21354,Bottom 80%
21355,Bottom 80%
21356,Bottom 80%
21357,Bottom 80%
21358,Bottom 80%
21359,Bottom 80%
21360,Bottom 80%
21361,Bottom 80%
21363,Bottom 80%
21364,Bottom 80%
21365,Bottom 80%
21366,Bottom 80%
21367,Bottom 80%
21368,Bottom 80%
21369,Bottom 80%
21370,Bottom 80%
21371,Bottom 80%
21372,Bottom 80%
21373,Bottom 80%
21374,Bottom 80%
21375,Bottom 80%
21376,Bottom 80%
21377,Bottom 80%
21378,Bottom 80%
21379,Bottom 80%
21380,80–95%
21381,80–95%
21382,Bottom 80%
21383,Bottom 80%
21385,80–95%
21386,Bottom 80%
21389,Bottom 80%
21390,80–95%
21391,Bottom 80%
21392,Bottom 80%
21393,Bottom 80%
21394,Bottom 80%
21395,Bottom 80%
21397,Bottom 80%
21398,Bottom 80%
21399,Bottom 80%
21400,Bottom 80%
21401,Bottom 80%
21402,Bottom 80%
21403,Bottom 80%
21407,Bottom 80%
21408,Bottom 80%
21410,Bottom 80%
21411,Bottom 80%
21412,Bottom 80%
21413,Bottom 80%
21414,Bottom 80%
21415,Bottom 80%
21416,Bottom 80%
21417,Bottom 80%
21418,Bottom 80%
21420,Bottom 80%
21421,Bottom 80%
21422,Bottom 80%
21424,Bottom 80%
21425,Bottom 80%
21426,Bottom 80%
21427,Bottom 80%
21428,80–95%
21429,80–95%
21430,95–99%
21439,Bottom 80%
21441,Bottom 80%
21442,Bottom 80%
21445,Bottom 80%
21446,Bottom 80%
21447,Bottom 80%
21448,Bottom 80%
21452,Bottom 80%
21454,Bottom 80%
21455,Bottom 80%
21456,Bottom 80%
21457,Bottom 80%
21458,Bottom 80%
21459,Bottom 80%
21460,Bottom 80%
21461,Bottom 80%
21462,Bottom 80%
21463,80–95%
21464,Bottom 80%
21465,Bottom 80%
21466,Bottom 80%
21467,Bottom 80%
21468,Bottom 80%
21469,Bottom 80%
21470,Bottom 80%
21471,Bottom 80%
21472,Bottom 80%
21473,Bottom 80%
21476,Bottom 80%
21479,95–99%
21481,95–99%
21484,80–95%
21485,95–99%
21486,Bottom 80%
21488,Bottom 80%
21491,Bottom 80%
21494,80–95%
21495,Bottom 80%
21497,80–95%
21498,80–95%
21499,Bottom 80%
21500,Bottom 80%
21503,Bottom 80%
21504,Bottom 80%
21506,Bottom 80%
21507,Bottom 80%
21508,Bottom 80%
21509,Bottom 80%
21518,Bottom 80%
21519,Bottom 80%
21520,Bottom 80%
21523,95–99%
21524,95–99%
21527,80–95%
21528,Bottom 80%
21530,Bottom 80%
21531,80–95%
21533,80–95%
21534,Bottom 80%
21535,80–95%
21537,Bottom 80%
21538,Bottom 80%
21539,80–95%
21544,Bottom 80%
21547,Bottom 80%
21555,Bottom 80%
21556,Bottom 80%
21557,Bottom 80%
21558,80–95%
21559,80–95%
21561,80–95%
21562,Bottom 80%
21563,Bottom 80%
21564,Bottom 80%
21576,Bottom 80%
21577,Bottom 80%
21578,Bottom 80%
21579,Bottom 80%
21580,Bottom 80%
21581,Bottom 80%
21584,Bottom 80%
21586,Bottom 80%
21587,Bottom 80%
21588,80–95%
21591,Bottom 80%
21592,Bottom 80%
21594,Bottom 80%
21595,Bottom 80%
21609,Bottom 80%
21613,Bottom 80%
21614,Bottom 80%
21615,Bottom 80%
21616,Bottom 80%
21617,Bottom 80%
21618,Bottom 80%
21619,Bottom 80%
21620,Bottom 80%
21621,95–99%
21622,Bottom 80%
21623,95–99%
21624,Bottom 80%
21625,Bottom 80%
21626,Bottom 80%
21627,Bottom 80%
21628,Bottom 80%
21629,Bottom 80%
21630,Bottom 80%
21631,Bottom 80%
21632,Bottom 80%
21633,Bottom 80%
21634,Bottom 80%
21635,Bottom 80%
21636,Bottom 80%
21637,Bottom 80%
21638,Bottom 80%
21640,Bottom 80%
21641,Bottom 80%
21642,Bottom 80%
21643,Bottom 80%
21644,Bottom 80%
21645,Bottom 80%
21647,Bottom 80%
21648,Bottom 80%
21650,Bottom 80%
21651,Bottom 80%
21654,Bottom 80%
21655,Bottom 80%
21656,Bottom 80%
21657,Bottom 80%
21658,80–95%
21661,Bottom 80%
21662,Bottom 80%
21664,Bottom 80%
21666,Bottom 80%
21667,Bottom 80%
21668,80–95%
21669,80–95%
21670,80–95%
21671,80–95%
21672,80–95%
21673,80–95%
21675,Bottom 80%
21676,Bottom 80%
21677,Bottom 80%
21678,Bottom 80%
21679,Bottom 80%
21680,Bottom 80%
21681,Bottom 80%
21682,Bottom 80%
21683,Bottom 80%
21684,Bottom 80%
21686,Bottom 80%
21688,Bottom 80%
21689,Bottom 80%
21690,Bottom 80%
21692,Bottom 80%
21693,Bottom 80%
21694,Bottom 80%
21695,Bottom 80%
21696,Bottom 80%
21698,Bottom 80%
21700,Bottom 80%
21703,80–95%
21704,80–95%
21705,Bottom 80%
21706,Bottom 80%
21707,Bottom 80%
21708,Bottom 80%
21709,Bottom 80%
21710,Bottom 80%
21711,Bottom 80%
21713,Bottom 80%
21714,Bottom 80%
21715,80–95%
21716,80–95%
21717,Bottom 80%
21718,Bottom 80%
21719,Bottom 80%
21720,Bottom 80%
21721,Bottom 80%
21722,Bottom 80%
21723,Bottom 80%
21724,Bottom 80%
21725,Bottom 80%
21726,Bottom 80%
21730,Bottom 80%
21731,95–99%
21733,95–99%
21735,Bottom 80%
21736,Bottom 80%
21738,Bottom 80%
21739,Bottom 80%
21741,Bottom 80%
21742,Bottom 80%
21743,Bottom 80%
21744,Bottom 80%
21745,80–95%
21746,80–95%
21747,Bottom 80%
21749,80–95%
21750,Bottom 80%
21754,95–99%
21755,95–99%
21756,80–95%
21757,Bottom 80%
21758,Bottom 80%
21761,Bottom 80%
21763,Bottom 80%
21769,Bottom 80%
21770,80–95%
21773,Bottom 80%
21774,Bottom 80%
21775,Bottom 80%
21777,Bottom 80%
21781,Bottom 80%
21784,Bottom 80%
21785,Bottom 80%
21786,Bottom 80%
21787,80–95%
21788,Bottom 80%
21789,Bottom 80%
21790,95–99%
21791,80–95%
21792,Bottom 80%
21793,Bottom 80%
21794,Bottom 80%
21801,Bottom 80%
21802,Bottom 80%
21803,Bottom 80%
21804,Bottom 80%
21807,Bottom 80%
21808,Bottom 80%
21809,Bottom 80%
21810,Bottom 80%
21811,Bottom 80%
21812,Bottom 80%
21813,Bottom 80%
21814,Bottom 80%
21815,Bottom 80%
21816,Bottom 80%
21817,Bottom 80%
21818,Bottom 80%
21819,Bottom 80%
21820,Bottom 80%
21821,Bottom 80%
21822,Bottom 80%
21823,Bottom 80%
21824,Bottom 80%
21826,Bottom 80%
21827,Bottom 80%
21828,Bottom 80%
21829,Bottom 80%
21830,Bottom 80%
21832,Bottom 80%
21833,80–95%
21836,Bottom 80%
21839,Bottom 80%
21841,Bottom 80%
21843,95–99%
21844,80–95%
21845,Bottom 80%
21846,Bottom 80%
21847,Bottom 80%
21849,Bottom 80%
21850,Bottom 80%
21851,Bottom 80%
21864,Bottom 80%
21865,Bottom 80%
21866,Bottom 80%
21867,Bottom 80%
21868,80–95%
21870,Bottom 80%
21871,80–95%
21872,Bottom 80%
21873,Bottom 80%
21874,80–95%
21875,Bottom 80%
21876,80–95%
21877,80–95%
21878,Bottom 80%
21879,Bottom 80%
21880,Bottom 80%
21881,Bottom 80%
21882,Bottom 80%
21883,Bottom 80%
21884,Bottom 80%
21888,80–95%
21889,80–95%
21890,80–95%
21891,80–95%
21892,80–95%
21894,Bottom 80%
21895,Bottom 80%
21896,Bottom 80%
21897,Bottom 80%
21898,Bottom 80%
21899,Bottom 80%
21900,Bottom 80%
21901,Bottom 80%
21902,Bottom 80%
21903,Bottom 80%
21904,Bottom 80%
21905,Bottom 80%
21906,80–95%
21907,80–95%
21908,80–95%
21910,Bottom 80%
21911,Bottom 80%
21912,80–95%
21913,Bottom 80%
21914,80–95%
21915,95–99%
21916,Bottom 80%
21917,Bottom 80%
21918,Bottom 80%
21922,80–95%
21925,Bottom 80%
21926,Bottom 80%
21927,Bottom 80%
21928,95–99%
21929,95–99%
21930,95–99%
21931,Top 1%
21932,80–95%
21933,80–95%
21934,80–95%
21935,80–95%
21936,95–99%
21937,80–95%
21942,Bottom 80%
21943,Bottom 80%
21944,Bottom 80%
21945,Bottom 80%
21946,Bottom 80%
21947,Bottom 80%
21948,Bottom 80%
21949,Bottom 80%
21955,80–95%
21967,Bottom 80%
21972,Bottom 80%
21973,Bottom 80%
21974,80–95%
21975,80–95%
21976,Bottom 80%
21977,95–99%
21980,Bottom 80%
21981,Bottom 80%
21982,Bottom 80%
21983,Bottom 80%
21984,Bottom 80%
21985,Bottom 80%
21986,Bottom 80%
21987,Bottom 80%
21988,Bottom 80%
21989,Bottom 80%
21990,Bottom 80%
21991,Bottom 80%
21992,80–95%
21993,80–95%
22016,Bottom 80%
22021,Bottom 80%
22023,Bottom 80%
22024,Bottom 80%
22025,Bottom 80%
22026,Bottom 80%
22027,Bottom 80%
22028,Bottom 80%
22029,80–95%
22030,Bottom 80%
22031,Bottom 80%
22032,Bottom 80%
22033,Bottom 80%
22034,Bottom 80%
22035,Bottom 80%
22037,Bottom 80%
22038,Bottom 80%
22039,Bottom 80%
22040,Bottom 80%
22041,95–99%
22042,Bottom 80%
22043,Bottom 80%
22044,Bottom 80%
22045,Bottom 80%
22046,Bottom 80%
22047,Bottom 80%
22048,Bottom 80%
22049,Bottom 80%
22050,Bottom 80%
22051,Bottom 80%
22052,Bottom 80%
22053,80–95%
22055,Bottom 80%
22057,Bottom 80%
22059,Bottom 80%
22060,Bottom 80%
22061,80–95%
22062,Bottom 80%
22063,Bottom 80%
22064,Bottom 80%
22065,80–95%
22066,Bottom 80%
22067,Bottom 80%
22068,Bottom 80%
22069,Bottom 80%
22070,Bottom 80%
22071,Bottom 80%
22072,Bottom 80%
22073,Bottom 80%
22074,Bottom 80%
22075,Bottom 80%
22076,Bottom 80%
22077,95–99%
22078,Bottom 80%
22079,80–95%
22080,Bottom 80%
22081,Bottom 80%
22082,80–95%
22083,95–99%
22084,95–99%
22085,Bottom 80%
22086,Top 1%
22087,95–99%
22088,80–95%
22089,80–95%
22090,95–99%
22091,Bottom 80%
22092,Bottom 80%
22093,Bottom 80%
22094,Bottom 80%
22095,Bottom 80%
22096,Bottom 80%
22097,Bottom 80%
22098,Bottom 80%
22099,Bottom 80%
22100,Bottom 80%
22101,Bottom 80%
22102,Bottom 80%
22103,Bottom 80%
22104,Bottom 80%
22105,Bottom 80%
22106,Bottom 80%
22107,Bottom 80%
22108,Bottom 80%
22109,80–95%
22110,80–95%
22111,95–99%
22112,Top 1%
22113,95–99%
22114,Top 1%
22115,Bottom 80%
22116,Bottom 80%
22117,80–95%
22118,Bottom 80%
22119,Bottom 80%
22120,80–95%
22121,Bottom 80%
22123,Bottom 80%
22124,Bottom 80%
22125,Bottom 80%
22127,Bottom 80%
22128,Bottom 80%
22129,Bottom 80%
22130,Bottom 80%
22131,80–95%
22132,Bottom 80%
22133,Bottom 80%
22134,Bottom 80%
22135,Bottom 80%
22136,Bottom 80%
22137,Bottom 80%
22138,95–99%
22139,95–99%
22141,80–95%
22142,80–95%
22144,80–95%
22145,Bottom 80%
22146,Bottom 80%
22147,80–95%
22148,80–95%
22149,95–99%
22150,80–95%
22151,80–95%
22152,Bottom 80%
22153,Bottom 80%
22154,Bottom 80%
22155,Bottom 80%
22156,Bottom 80%
22157,Bottom 80%
22158,95–99%
22161,Bottom 80%
22162,Bottom 80%
22163,Bottom 80%
22164,Bottom 80%
22165,80–95%
22166,Bottom 80%
22167,Bottom 80%
22168,Bottom 80%
22169,80–95%
22170,80–95%
22171,95–99%
22173,80–95%
22174,80–95%
22175,Bottom 80%
22176,Bottom 80%
22178,Top 1%
22179,80–95%
22180,80–95%
22181,Bottom 80%
22182,Bottom 80%
22183,Bottom 80%
22184,Bottom 80%
22185,Bottom 80%
22186,Bottom 80%
22187,80–95%
22188,95–99%
22189,95–99%
22190,Bottom 80%
22191,80–95%
22192,80–95%
22193,95–99%
22194,Bottom 80%
22195,80–95%
22196,Bottom 80%
22197,Top 1%
22198,Bottom 80%
22199,Bottom 80%
22200,Bottom 80%
22201,Bottom 80%
22202,Bottom 80%
22203,Bottom 80%
22204,Bottom 80%
22206,Bottom 80%
22207,80–95%
22208,Bottom 80%
22209,Bottom 80%
22210,Bottom 80%
22211,Bottom 80%
22212,80–95%
22214,Bottom 80%
22215,Bottom 80%
22216,Bottom 80%
22217,Bottom 80%
22218,Bottom 80%
22219,80–95%
22220,Bottom 80%
22221,Bottom 80%
22222,80–95%
22223,Bottom 80%
22224,Bottom 80%
22227,Bottom 80%
22228,Bottom 80%
22229,Bottom 80%
22230,Bottom 80%
22231,Bottom 80%
22232,Bottom 80%
22233,Bottom 80%
22236,80–95%
22241,Bottom 80%
22242,Bottom 80%
22243,80–95%
22244,80–95%
22245,Bottom 80%
22246,Bottom 80%
22247,Bottom 80%
22248,Bottom 80%
22249,Bottom 80%
22250,Bottom 80%
22251,Bottom 80%
22252,Bottom 80%
22254,Bottom 80%
22255,Bottom 80%
22256,Bottom 80%
22257,Bottom 80%
22258,Bottom 80%
22259,Bottom 80%
22260,Bottom 80%
22261,Bottom 80%
22262,Bottom 80%
22263,Bottom 80%
22264,Bottom 80%
22265,Bottom 80%
22266,Bottom 80%
22267,Bottom 80%
22268,Bottom 80%
22269,Bottom 80%
22270,Bottom 80%
22271,80–95%
22272,Bottom 80%
22273,80–95%
22274,80–95%
22275,Bottom 80%
22276,Bottom 80%
22277,Bottom 80%
22278,Bottom 80%
22279,Bottom 80%
22280,Bottom 80%
22281,Bottom 80%
22282,Bottom 80%
22283,Bottom 80%
22284,Bottom 80%
22285,Bottom 80%
22286,Bottom 80%
22287,Bottom 80%
22288,Bottom 80%
22289,Bottom 80%
22291,Bottom 80%
22292,Bottom 80%
22293,Bottom 80%
22294,80–95%
22295,80–95%
22296,80–95%
22297,80–95%
22299,Bottom 80%
22300,80–95%
22301,80–95%
22302,80–95%
22303,80–95%
22304,Bottom 80%
22305,Bottom 80%
22306,Bottom 80%
22307,Bottom 80%
22308,Bottom 80%
22309,Bottom 80%
22310,Bottom 80%
22311,80–95%
22312,Bottom 80%
22313,Bottom 80%
22314,Bottom 80%
22315,Bottom 80%
22316,Bottom 80%
22317,Bottom 80%
22318,Bottom 80%
22319,Bottom 80%
22320,Bottom 80%
22321,Bottom 80%
22322,Bottom 80%
22323,Bottom 80%
22324,Bottom 80%
22325,Bottom 80%
22326,95–99%
22327,80–95%
22328,95–99%
22329,Bottom 80%
22331,Bottom 80%
22332,Bottom 80%
22333,80–95%
22334,Bottom 80%
22335,Bottom 80%
22336,Bottom 80%
22337,Bottom 80%
22338,Bottom 80%
22339,Bottom 80%
22340,Bottom 80%
22341,Bottom 80%
22342,Bottom 80%
22343,Bottom 80%
22344,Bottom 80%
22345,Bottom 80%
22346,Bottom 80%
22348,80–95%
22349,80–95%
22350,80–95%
22351,Bottom 80%
22352,80–95%
22353,Bottom 80%
22354,Bottom 80%
22355,Top 1%
22356,95–99%
22357,Bottom 80%
22358,Bottom 80%
22359,Bottom 80%
22360,Bottom 80%
22361,Bottom 80%
22362,Bottom 80%
22363,Bottom 80%
22364,Bottom 80%
22365,80–95%
22366,80–95%
22367,80–95%
22371,80–95%
22372,Bottom 80%
22374,Bottom 80%
22375,Bottom 80%
22376,Bottom 80%
22377,Bottom 80%
22378,80–95%
22379,95–99%
22380,Bottom 80%
22381,80–95%
22382,95–99%
22383,95–99%
22384,95–99%
22385,95–99%
22386,Top 1%
22389,Bottom 80%
22390,Bottom 80%
22391,Bottom 80%
22393,Bottom 80%
22394,Bottom 80%
22395,Bottom 80%
22396,Bottom 80%
22398,Bottom 80%
22399,Bottom 80%
22400,Bottom 80%
22402,Bottom 80%
22403,Bottom 80%
22405,Bottom 80%
22406,Bottom 80%
22407,Bottom 80%
22408,Bottom 80%
22409,Bottom 80%
22410,Bottom 80%
22411,Top 1%
22412,Bottom 80%
22413,80–95%
22414,Bottom 80%
22415,Bottom 80%
22416,Bottom 80%
22417,80–95%
22418,80–95%
22419,Bottom 80%
22420,Bottom 80%
22421,Bottom 80%
22422,Bottom 80%
22423,Top 1%
22424,95–99%
22425,Bottom 80%
22426,Bottom 80%
22427,95–99%
22428,Bottom 80%
22429,80–95%
22430,80–95%
22431,80–95%
22432,80–95%
22433,Bottom 80%
22434,Bottom 80%
22435,80–95%
22436,Bottom 80%
22437,Bottom 80%
22438,Bottom 80%
22439,Bottom 80%
22440,Bottom 80%
22441,Bottom 80%
22442,Bottom 80%
22443,Bottom 80%
22444,Bottom 80%
22445,Bottom 80%
22446,Bottom 80%
22447,Bottom 80%
22448,Bottom 80%
22449,Bottom 80%
22450,Bottom 80%
22451,Bottom 80%
22452,Bottom 80%
22453,Bottom 80%
22454,Bottom 80%
22456,80–95%
22457,Top 1%
22458,Bottom 80%
22459,Bottom 80%
22460,80–95%
22461,Bottom 80%
22464,80–95%
22465,80–95%
22466,80–95%
22467,95–99%
22468,80–95%
22469,Top 1%
22470,Top 1%
22471,Bottom 80%
22472,Bottom 80%
22473,Bottom 80%
22474,Bottom 80%
22475,Bottom 80%
22476,Bottom 80%
22477,Bottom 80%
22478,Bottom 80%
22479,Bottom 80%
22480,Bottom 80%
22481,Bottom 80%
22482,Bottom 80%
22483,Bottom 80%
22485,80–95%
22486,Bottom 80%
22487,80–95%
22488,80–95%
22489,80–95%
22491,80–95%
22492,95–99%
22493,80–95%
22494,Bottom 80%
22495,Bottom 80%
22496,Bottom 80%
22497,Bottom 80%
22498,Bottom 80%
22499,95–99%
22500,Bottom 80%
22501,95–99%
22502,Top 1%
22503,Bottom 80%
22504,80–95%
22505,80–95%
22507,95–99%
22508,80–95%
22509,Bottom 80%
22510,Bottom 80%
22511,Bottom 80%
22512,Bottom 80%
22513,Bottom 80%
22514,Bottom 80%
22515,Bottom 80%
22516,Bottom 80%
22517,Bottom 80%
22518,Bottom 80%
22519,Bottom 80%
22520,Bottom 80%
22521,Bottom 80%
22522,Bottom 80%
22523,Bottom 80%
22524,Bottom 80%
22525,Bottom 80%
22526,Bottom 80%
22528,Bottom 80%
22529,Bottom 80%
22530,Bottom 80%
22531,Bottom 80%
22532,Bottom 80%
22533,Bottom 80%
22534,Bottom 80%
22535,Bottom 80%
22536,Bottom 80%
22537,Bottom 80%
22538,Bottom 80%
22539,Bottom 80%
22540,Bottom 80%
22541,Bottom 80%
22543,Bottom 80%
22544,Bottom 80%
22545,Bottom 80%
22546,Bottom 80%
22547,Bottom 80%
22548,Bottom 80%
22549,80–95%
22550,80–95%
22551,95–99%
22553,80–95%
22554,95–99%
22555,80–95%
22556,80–95%
22557,80–95%
22558,95–99%
22559,Bottom 80%
22560,80–95%
22561,80–95%
22562,Bottom 80%
22563,80–95%
22564,Bottom 80%
22565,Bottom 80%
22566,Bottom 80%
22567,80–95%
22568,95–99%
22569,80–95%
22570,80–95%
22571,Bottom 80%
22572,Bottom 80%
22573,Bottom 80%
22574,Bottom 80%
22575,Bottom 80%
22576,Bottom 80%
22577,80–95%
22578,80–95%
22579,Bottom 80%
22580,80–95%
22581,Bottom 80%
22582,Bottom 80%
22583,Bottom 80%
22584,80–95%
22585,80–95%
22586,Bottom 80%
22587,Bottom 80%
22588,Bottom 80%
22589,Bottom 80%
22591,Bottom 80%
22592,Bottom 80%
22593,Bottom 80%
22594,Bottom 80%
22595,80–95%
22596,80–95%
22597,Bottom 80%
22598,Bottom 80%
22599,Bottom 80%
22600,Bottom 80%
22601,Bottom 80%
22602,Bottom 80%
22603,Bottom 80%
22604,Bottom 80%
22605,95–99%
22606,80–95%
22607,95–99%
22608,Bottom 80%
22609,Bottom 80%
22610,Bottom 80%
22611,Bottom 80%
22613,Bottom 80%
22614,Bottom 80%
22615,Bottom 80%
22616,80–95%
22617,80–95%
22618,Bottom 80%
22619,80–95%
22620,80–95%
22621,80–95%
22622,95–99%
22623,80–95%
22624,95–99%
22625,95–99%
22626,80–95%
22627,80–95%
22628,80–95%
22629,95–99%
22630,95–99%
22631,80–95%
22632,80–95%
22633,80–95%
22634,80–95%
22635,80–95%
22636,80–95%
22637,80–95%
22638,Bottom 80%
22639,Bottom 80%
22640,Bottom 80%
22641,Bottom 80%
22642,Bottom 80%
22643,Bottom 80%
22644,Bottom 80%
22645,80–95%
22646,80–95%
22647,Bottom 80%
22649,80–95%
22650,Bottom 80%
22651,Bottom 80%
22652,80–95%
22653,80–95%
22654,80–95%
22655,80–95%
22656,Bottom 80%
22659,95–99%
22660,Bottom 80%
22661,80–95%
22662,80–95%
22663,80–95%
22664,Bottom 80%
22665,80–95%
22666,95–99%
22667,80–95%
22668,80–95%
22669,80–95%
22670,Bottom 80%
22671,Bottom 80%
22672,Bottom 80%
22673,Bottom 80%
22674,Bottom 80%
22675,Bottom 80%
22676,Bottom 80%
22677,Bottom 80%
22678,Bottom 80%
22679,Bottom 80%
22680,Bottom 80%
22681,Bottom 80%
22682,Bottom 80%
22683,Bottom 80%
22684,Bottom 80%
22685,Bottom 80%
22686,Bottom 80%
22687,80–95%
22688,80–95%
22689,80–95%
22690,80–95%
22691,Bottom 80%
22692,95–99%
22693,95–99%
22694,80–95%
22695,Bottom 80%
22696,Bottom 80%
22697,95–99%
22698,95–99%
22699,Top 1%
22700,Bottom 80%
22701,Bottom 80%
22702,Bottom 80%
22703,Bottom 80%
22704,Bottom 80%
22705,Bottom 80%
22706,Bottom 80%
22707,Bottom 80%
22708,Bottom 80%
22709,Bottom 80%
22710,Bottom 80%
22711,Bottom 80%
22712,Bottom 80%
22713,Bottom 80%
22714,Bottom 80%
22715,Bottom 80%
22716,Bottom 80%
22717,Bottom 80%
22718,Bottom 80%
22719,Bottom 80%
22720,Top 1%
22721,80–95%
22722,95–99%
22723,80–95%
22725,80–95%
22726,Top 1%
22727,Top 1%
22728,95–99%
22729,80–95%
22730,95–99%
22731,Bottom 80%
22732,Bottom 80%
22733,Bottom 80%
22734,80–95%
22735,Bottom 80%
22736,Bottom 80%
22737,Bottom 80%
22738,80–95%
22739,80–95%
22740,80–95%
22741,80–95%
22742,Bottom 80%
22743,Bottom 80%
22744,Bottom 80%
22745,80–95%
22746,80–95%
22747,Bottom 80%
22748,80–95%
22749,80–95%
22750,80–95%
22751,80–95%
22752,95–99%
22753,Bottom 80%
22754,Bottom 80%
22755,Bottom 80%
22756,Bottom 80%
22757,Bottom 80%
22758,Bottom 80%
22759,80–95%
22760,80–95%
22761,Bottom 80%
22762,Bottom 80%
22763,Bottom 80%
22764,Bottom 80%
22765,Bottom 80%
22766,80–95%
22767,80–95%
22768,80–95%
22769,Bottom 80%
22770,Bottom 80%
22771,80–95%
22772,80–95%
22773,Bottom 80%
22774,Bottom 80%
22775,80–95%
22776,95–99%
22777,Bottom 80%
22778,Bottom 80%
22779,80–95%
22780,80–95%
22781,80–95%
22782,80–95%
22783,80–95%
22784,80–95%
22785,Bottom 80%
22786,Bottom 80%
22788,Bottom 80%
22789,Bottom 80%
22791,80–95%
22792,Bottom 80%
22794,Bottom 80%
22795,80–95%
22796,80–95%
22797,Bottom 80%
22798,80–95%
22799,Bottom 80%
22800,80–95%
22801,80–95%
22802,Bottom 80%
22803,Bottom 80%
22804,80–95%
22805,Bottom 80%
22806,Bottom 80%
22807,Bottom 80%
22808,Bottom 80%
22809,80–95%
22810,Bottom 80%
22811,Bottom 80%
22812,80–95%
22813,80–95%
22814,Bottom 80%
22815,Bottom 80%
22816,Bottom 80%
22817,Bottom 80%
22818,Bottom 80%
22819,Bottom 80%
22820,Bottom 80%
22821,Bottom 80%
22822,Bottom 80%
22823,Bottom 80%
22824,Bottom 80%
22825,Bottom 80%
22826,80–95%
22827,80–95%
22828,Bottom 80%
22829,Bottom 80%
22830,Bottom 80%
22831,Bottom 80%
22832,Bottom 80%
22833,Bottom 80%
22834,80–95%
22835,95–99%
22837,80–95%
22838,80–95%
22839,80–95%
22840,80–95%
22841,80–95%
22842,80–95%
22843,Bottom 80%
22844,80–95%
22845,80–95%
22846,80–95%
22847,95–99%
22848,80–95%
22849,80–95%
22851,Bottom 80%
22852,Bottom 80%
22853,Bottom 80%
22854,80–95%
22855,80–95%
22856,Bottom 80%
22857,Bottom 80%
22858,Bottom 80%
22859,Bottom 80%
22860,Bottom 80%
22861,Bottom 80%
22862,Bottom 80%
22863,Bottom 80%
22865,95–99%
22866,95–99%
22867,95–99%
22868,Bottom 80%
22869,Bottom 80%
22870,Bottom 80%
22871,Bottom 80%
22872,Bottom 80%
22873,Bottom 80%
22874,Bottom 80%
22875,Bottom 80%
22876,Bottom 80%
22877,Bottom 80%
22878,Bottom 80%
22879,Bottom 80%
22880,Bottom 80%
22881,Bottom 80%
22882,Bottom 80%
22883,Bottom 80%
22884,Bottom 80%
22885,Bottom 80%
22886,Bottom 80%
22887,Bottom 80%
22888,Bottom 80%
22889,Bottom 80%
22890,80–95%
22891,Bottom 80%
22892,Bottom 80%
22893,Bottom 80%
22894,Bottom 80%
22895,80–95%
22896,80–95%
22897,Bottom 80%
22898,80–95%
22899,80–95%
22900,95–99%
22902,Bottom 80%
22903,Bottom 80%
22904,80–95%
22905,Bottom 80%
22906,Bottom 80%
22907,80–95%
22908,80–95%
22909,80–95%
22910,Top 1%
22911,Bottom 80%
22912,Bottom 80%
22913,Bottom 80%
22914,Bottom 80%
22915,Bottom 80%
22916,Bottom 80%
22917,Bottom 80%
22918,Bottom 80%
22919,Bottom 80%
22920,Bottom 80%
22921,Bottom 80%
22922,Bottom 80%
22923,Bottom 80%
22924,Bottom 80%
22925,Bottom 80%
22926,80–95%
22927,Bottom 80%
22928,Bottom 80%
22929,Bottom 80%
22930,Bottom 80%
22931,Bottom 80%
22932,Bottom 80%
22933,Bottom 80%
22934,Bottom 80%
22935,Bottom 80%
22936,Bottom 80%
22937,Bottom 80%
22938,80–95%
22939,Bottom 80%
22940,80–95%
22941,95–99%
22942,80–95%
22943,80–95%
22944,Bottom 80%
22945,Bottom 80%
22946,80–95%
22947,80–95%
22948,Bottom 80%
22949,Bottom 80%
22950,80–95%
22951,80–95%
22952,80–95%
22953,Bottom 80%
22954,Bottom 80%
22955,Bottom 80%
22956,80–95%
22957,80–95%
22959,Bottom 80%
22960,Top 1%
22961,95–99%
22962,80–95%
22963,Bottom 80%
22964,80–95%
22965,Bottom 80%
22966,80–95%
22967,80–95%
22968,80–95%
22969,95–99%
22970,80–95%
22971,80–95%
22972,Bottom 80%
22973,Bottom 80%
22974,Bottom 80%
22975,Bottom 80%
22976,Bottom 80%
22977,Bottom 80%
22978,80–95%
22979,80–95%
22980,80–95%
22981,Bottom 80%
22982,Bottom 80%
22983,Bottom 80%
22984,Bottom 80%
22985,Bottom 80%
22986,Bottom 80%
22987,Bottom 80%
22988,80–95%
22989,80–95%
22990,Bottom 80%
22991,80–95%
22992,80–95%
22993,95–99%
22994,Bottom 80%
22995,Bottom 80%
22996,Bottom 80%
22997,Bottom 80%
22998,80–95%
22999,Bottom 80%
23000,Bottom 80%
23002,Bottom 80%
23003,Bottom 80%
23004,Bottom 80%
23005,Bottom 80%
23006,Bottom 80%
23007,80–95%
23008,80–95%
23009,80–95%
23010,80–95%
23012,80–95%
23013,80–95%
23014,80–95%
23015,Bottom 80%
23016,Bottom 80%
23017,Bottom 80%
23018,Bottom 80%
23019,Bottom 80%
23020,Bottom 80%
23021,Bottom 80%
23022,Bottom 80%
23023,Bottom 80%
23024,Bottom 80%
23025,Bottom 80%
23026,Bottom 80%
23027,Bottom 80%
23028,Bottom 80%
23029,Bottom 80%
23031,Bottom 80%
23032,80–95%
23033,Bottom 80%
23034,Bottom 80%
23035,80–95%
23036,Bottom 80%
23037,Bottom 80%
23038,Bottom 80%
23039,Bottom 80%
23040,Bottom 80%
23041,Bottom 80%
23042,Bottom 80%
23043,Bottom 80%
23044,Bottom 80%
23045,Bottom 80%
23046,Bottom 80%
23047,Bottom 80%
23048,Bottom 80%
23049,80–95%
23050,80–95%
23051,80–95%
23052,80–95%
23053,80–95%
23054,Bottom 80%
23055,Bottom 80%
23056,Bottom 80%
23057,Bottom 80%
23058,Bottom 80%
23060,Bottom 80%
23061,Bottom 80%
23064,Bottom 80%
23065,80–95%
23066,Bottom 80%
23067,Bottom 80%
23068,Bottom 80%
23069,Bottom 80%
23070,Bottom 80%
23071,Bottom 80%
23072,Bottom 80%
23073,Bottom 80%
23074,Bottom 80%
23075,Bottom 80%
23076,80–95%
23077,95–99%
23078,80–95%
23079,Bottom 80%
23080,80–95%
23081,80–95%
23082,80–95%
23083,80–95%
23084,Top 1%
23085,80–95%
23086,Bottom 80%
23087,Bottom 80%
23088,Bottom 80%
23089,80–95%
23090,Bottom 80%
23091,80–95%
23092,80–95%
23093,Bottom 80%
23094,Bottom 80%
23096,Bottom 80%
23099,Bottom 80%
23100,Bottom 80%
23101,Bottom 80%
23102,Bottom 80%
23103,80–95%
23104,Bottom 80%
23106,Bottom 80%
23107,Bottom 80%
23108,95–99%
23109,80–95%
23110,80–95%
23111,80–95%
23112,80–95%
23113,Bottom 80%
23114,Bottom 80%
23115,Bottom 80%
23116,Bottom 80%
23117,Bottom 80%
23118,80–95%
23119,Bottom 80%
23120,Bottom 80%
23121,Bottom 80%
23122,Bottom 80%
23123,Bottom 80%
23124,Bottom 80%
23125,Bottom 80%
23126,80–95%
23127,80–95%
23128,Bottom 80%
23129,80–95%
23130,80–95%
23131,80–95%
23132,80–95%
23133,80–95%
23134,80–95%
23135,80–95%
23136,Bottom 80%
23137,Bottom 80%
23138,Bottom 80%
23139,Bottom 80%
23140,Bottom 80%
23141,Bottom 80%
23142,Bottom 80%
23143,Bottom 80%
23144,80–95%
23145,Bottom 80%
23146,Bottom 80%
23147,Bottom 80%
23148,Bottom 80%
23149,Bottom 80%
23150,Bottom 80%
23151,Bottom 80%
23152,Bottom 80%
23153,Bottom 80%
23154,80–95%
23155,Bottom 80%
23156,80–95%
23157,80–95%
23158,80–95%
23159,80–95%
23160,Bottom 80%
23161,Bottom 80%
23162,80–95%
23163,80–95%
23164,Bottom 80%
23165,80–95%
23166,80–95%
23167,80–95%
23168,80–95%
23169,80–95%
23170,80–95%
23171,80–95%
23172,80–95%
23173,95–99%
23174,95–99%
23175,80–95%
23176,80–95%
23177,80–95%
23178,Bottom 80%
23179,Bottom 80%
23180,Bottom 80%
23181,Bottom 80%
23182,80–95%
23183,Bottom 80%
23184,80–95%
23185,Bottom 80%
23186,Bottom 80%
23187,Bottom 80%
23188,80–95%
23189,80–95%
23190,Bottom 80%
23191,80–95%
23192,80–95%
23193,80–95%
23194,80–95%
23196,Bottom 80%
23197,Bottom 80%
23198,80–95%
23199,Top 1%
23200,95–99%
23201,Top 1%
23202,95–99%
23203,Top 1%
23204,80–95%
23205,80–95%
23206,95–99%
23207,95–99%
23208,80–95%
23209,95–99%
23210,80–95%
23211,Bottom 80%
23212,Bottom 80%
23213,Bottom 80%
23214,Bottom 80%
23215,80–95%
23216,Bottom 80%
23217,Bottom 80%
23218,Bottom 80%
23219,Bottom 80%
23220,Bottom 80%
23221,Bottom 80%
23222,Bottom 80%
23223,Bottom 80%
23224,Bottom 80%
23225,Bottom 80%
23226,Bottom 80%
23227,Bottom 80%
23228,Bottom 80%
23229,80–95%
23230,80–95%
23231,Bottom 80%
23232,80–95%
23233,Bottom 80%
23234,80–95%
23235,Bottom 80%
23236,80–95%
23237,80–95%
23238,80–95%
23239,80–95%
23240,95–99%
23241,80–95%
23242,Bottom 80%
23243,95–99%
23244,Bottom 80%
23245,Top 1%
23247,80–95%
23249,Bottom 80%
23250,Bottom 80%
23251,Bottom 80%
23252,Bottom 80%
23253,80–95%
23254,80–95%
23255,80–95%
23256,80–95%
23263,80–95%
23264,Bottom 80%
23265,Bottom 80%
23266,Bottom 80%
23267,Bottom 80%
23268,Bottom 80%
23269,Bottom 80%
23270,Bottom 80%
23271,Bottom 80%
23272,Bottom 80%
23273,Bottom 80%
23274,Bottom 80%
23275,80–95%
23280,Bottom 80%
23281,Bottom 80%
23282,Bottom 80%
23283,80–95%
23284,Top 1%
23285,80–95%
23286,80–95%
23287,Bottom 80%
23288,80–95%
23289,Bottom 80%
23290,Bottom 80%
23291,Bottom 80%
23292,Bottom 80%
23293,80–95%
23294,80–95%
23295,80–95%
23296,80–95%
23297,80–95%
23298,Top 1%
23299,80–95%
23300,95–99%
23301,95–99%
23302,Bottom 80%
23303,Bottom 80%
23304,Bottom 80%
23305,Bottom 80%
23306,80–95%
23307,80–95%
23308,80–95%
23309,80–95%
23310,80–95%
23311,80–95%
23312,80–95%
23313,95–99%
23314,80–95%
23315,Bottom 80%
23316,Bottom 80%
23317,Bottom 80%
23318,80–95%
23319,80–95%
23320,80–95%
23321,80–95%
23322,80–95%
23323,80–95%
23324,Bottom 80%
23325,Bottom 80%
23326,Bottom 80%
23327,Bottom 80%
23328,95–99%
23329,Bottom 80%
23330,Bottom 80%
23331,Bottom 80%
23332,80–95%
23333,Bottom 80%
23334,Bottom 80%
23335,Bottom 80%
23336,Bottom 80%
23337,Bottom 80%
23338,Bottom 80%
23339,Bottom 80%
23340,80–95%
23341,Bottom 80%
23342,80–95%
23343,95–99%
23344,95–99%
23345,Bottom 80%
23346,80–95%
23347,Bottom 80%
23348,Bottom 80%
23349,80–95%
23350,80–95%
23351,80–95%
23352,Bottom 80%
23353,80–95%
23354,80–95%
23355,Top 1%
23356,95–99%
23357,Bottom 80%
23358,Bottom 80%
23359,Bottom 80%
23360,Bottom 80%
23365,Bottom 80%
23366,Bottom 80%
23367,Bottom 80%
23368,Bottom 80%
23369,Bottom 80%
23370,Bottom 80%
23371,Bottom 80%
23372,Bottom 80%
23373,Bottom 80%
23374,Bottom 80%
23375,Bottom 80%
23376,Bottom 80%
23377,Bottom 80%
23378,Bottom 80%
23379,Bottom 80%
23380,Bottom 80%
23381,Bottom 80%
23382,80–95%
23388,80–95%
23389,80–95%
23390,Bottom 80%
23391,Bottom 80%
23392,Bottom 80%
23393,80–95%
23394,Bottom 80%
23395,80–95%
23396,Bottom 80%
23397,80–95%
23398,Bottom 80%
23399,Bottom 80%
23400,Bottom 80%
23401,Bottom 80%
23402,Bottom 80%
23403,Bottom 80%
23404,80–95%
23405,Bottom 80%
23406,Bottom 80%
23407,Bottom 80%
23408,Bottom 80%
23409,Bottom 80%
23410,Bottom 80%
23411,Bottom 80%
23412,Bottom 80%
23413,Bottom 80%
23414,Bottom 80%
23415,Bottom 80%
23416,Bottom 80%
23417,Bottom 80%
23418,Bottom 80%
23419,Bottom 80%
23420,Bottom 80%
23421,Bottom 80%
23422,Bottom 80%
23423,Bottom 80%
23424,Bottom 80%
23425,Bottom 80%
23426,80–95%
23427,Bottom 80%
23428,Bottom 80%
23429,Bottom 80%
23430,Bottom 80%
23431,Bottom 80%
23432,Bottom 80%
23433,Bottom 80%
23434,Bottom 80%
23435,Bottom 80%
23436,Bottom 80%
23437,Bottom 80%
23438,Bottom 80%
23439,80–95%
23440,Bottom 80%
23441,Bottom 80%
23442,Bottom 80%
23444,Bottom 80%
23445,Bottom 80%
23446,Bottom 80%
23447,Bottom 80%
23448,Bottom 80%
23449,Bottom 80%
23451,Bottom 80%
23452,Bottom 80%
23453,Bottom 80%
23454,Bottom 80%
23455,Bottom 80%
23456,Bottom 80%
23457,Bottom 80%
23458,Bottom 80%
23459,Bottom 80%
23460,Bottom 80%
23461,Bottom 80%
23462,Bottom 80%
23463,Bottom 80%
23464,Bottom 80%
23465,Bottom 80%
23466,Bottom 80%
23467,Bottom 80%
23468,Bottom 80%
23469,Bottom 80%
23470,Bottom 80%
23471,Bottom 80%
23472,Bottom 80%
23473,Bottom 80%
23474,Bottom 80%
23475,Bottom 80%
23476,Bottom 80%
23477,Bottom 80%
23478,Bottom 80%
23479,Bottom 80%
23480,80–95%
23481,Bottom 80%
23482,Bottom 80%
23483,Bottom 80%
23484,Bottom 80%
23485,80–95%
23486,80–95%
23487,Bottom 80%
23489,Bottom 80%
23490,Bottom 80%
23491,Bottom 80%
23492,Bottom 80%
23493,80–95%
23494,80–95%
23495,Bottom 80%
23496,Bottom 80%
23497,80–95%
23498,Bottom 80%
23499,Bottom 80%
23500,Bottom 80%
23501,Bottom 80%
23502,Bottom 80%
23503,80–95%
23504,Bottom 80%
23505,Bottom 80%
23506,Bottom 80%
23507,Bottom 80%
23508,Bottom 80%
23509,Bottom 80%
23510,Bottom 80%
23511,Bottom 80%
23512,Bottom 80%
23513,Bottom 80%
23514,Bottom 80%
23515,Bottom 80%
23516,Bottom 80%
23517,Bottom 80%
23518,Bottom 80%
23519,Bottom 80%
23520,Bottom 80%
23521,Bottom 80%
23522,Bottom 80%
23523,Bottom 80%
23524,Bottom 80%
23525,Bottom 80%
23526,80–95%
23527,Bottom 80%
23528,Bottom 80%
23529,Bottom 80%
23530,80–95%
23531,80–95%
23532,Bottom 80%
23533,Bottom 80%
23534,80–95%
23535,80–95%
23536,80–95%
23537,Bottom 80%
23538,Bottom 80%
23539,Bottom 80%
23540,Bottom 80%
23541,80–95%
23542,80–95%
23543,80–95%
23544,Bottom 80%
23545,Bottom 80%
23546,Bottom 80%
23547,Bottom 80%
23548,Bottom 80%
23549,Bottom 80%
23550,Bottom 80%
23551,Bottom 80%
23552,80–95%
23553,80–95%
23554,80–95%
23555,80–95%
23556,80–95%
23557,80–95%
23558,80–95%
23559,Bottom 80%
23560,Bottom 80%
23561,Bottom 80%
23562,Bottom 80%
23564,Bottom 80%
23565,Bottom 80%
23566,Bottom 80%
23567,Bottom 80%
23568,Bottom 80%
23569,80–95%
23570,80–95%
23571,80–95%
23574,Bottom 80%
23575,Bottom 80%
23576,Bottom 80%
23578,Bottom 80%
23579,Bottom 80%
23580,Bottom 80%
23581,95–99%
23582,80–95%
23583,80–95%
23597,Bottom 80%
23598,Bottom 80%
23601,Bottom 80%
23602,Bottom 80%
23603,Bottom 80%
23604,Bottom 80%
23605,Bottom 80%
23607,Bottom 80%
23608,Bottom 80%
23609,Bottom 80%
23610,Bottom 80%
23611,Bottom 80%
23612,Bottom 80%
23613,Bottom 80%
23614,Bottom 80%
23615,Bottom 80%
23616,Bottom 80%
23617,Bottom 80%
23619,Bottom 80%
23620,Bottom 80%
23621,Bottom 80%
23623,Bottom 80%
23624,Bottom 80%
23625,Bottom 80%
23626,Bottom 80%
23627,Bottom 80%
23628,Bottom 80%
23629,Bottom 80%
23630,Bottom 80%
23632,Bottom 80%
23633,Bottom 80%
23634,Bottom 80%
23635,Bottom 80%
23636,Bottom 80%
23637,Bottom 80%
23638,Bottom 80%
23639,Bottom 80%
23640,Bottom 80%
23643,Bottom 80%
23644,Bottom 80%
23645,Bottom 80%
23646,Bottom 80%
23649,Bottom 80%
23650,Bottom 80%
23652,Bottom 80%
23654,Bottom 80%
23660,Bottom 80%
23661,Bottom 80%
23664,Bottom 80%
23681,Bottom 80%
23691,Bottom 80%
23692,Bottom 80%
23694,Bottom 80%
23695,Bottom 80%
23697,Bottom 80%
23702,Bottom 80%
23843,Bottom 80%
35001G,Bottom 80%
35001W,Bottom 80%
35004B,Bottom 80%
35004C,Bottom 80%
35004G,Bottom 80%
35004P,Bottom 80%
35095A,Bottom 80%
35095B,Bottom 80%
35241,Bottom 80%
35265,Bottom 80%
35271S,Bottom 80%
35400,Bottom 80%
35443,Bottom 80%
35471D,Bottom 80%
35591T,Bottom 80%
35597A,Bottom 80%
35597B,Bottom 80%
35597D,Bottom 80%
35598A,Bottom 80%
35598B,Bottom 80%
35598C,Bottom 80%
35598D,Bottom 80%
35599B,Bottom 80%
35599D,Bottom 80%
35607A,Bottom 80%
35607B,Bottom 80%
35609A,Bottom 80%
35610A,Bottom 80%
35610B,Bottom 80%
35610C,Bottom 80%
35637A,Bottom 80%
35637C,Bottom 80%
35638A,Bottom 80%
35638B,Bottom 80%
35645,Bottom 80%
35646,Bottom 80%
35647,Bottom 80%
35648,Bottom 80%
35649,Bottom 80%
35650,Bottom 80%
35651,Bottom 80%
35653,Bottom 80%
35809A,Bottom 80%
35809B,Bottom 80%
35810A,Bottom 80%
35810B,Bottom 80%
35815P,Bottom 80%
35816P,Bottom 80%
35817P,Bottom 80%
35818B,Bottom 80%
35818P,Bottom 80%
35819B,Bottom 80%
35819P,Bottom 80%
35832,Bottom 80%
35833G,Bottom 80%
35833P,Bottom 80%
35909A,Bottom 80%
35909B,Bottom 80%
35910A,Bottom 80%
35910B,Bottom 80%
35911A,Bottom 80%
35911B,Bottom 80%
35912B,Bottom 80%
35913B,Bottom 80%
35914,Bottom 80%
35915B,Bottom 80%
35915C,Bottom 80%
35916A,Bottom 80%
35916B,Bottom 80%
35916C,Bottom 80%
35920,Bottom 80%
35921,Bottom 80%
35922,Bottom 80%
35923,Bottom 80%
35924,Bottom 80%
35933,Bottom 80%
35953,Bottom 80%
35954,Bottom 80%
35957,Bottom 80%
35958,Bottom 80%
35961,Bottom 80%
35964,Bottom 80%
35965,Bottom 80%
35966,Bottom 80%
35967,Bottom 80%
35968,Bottom 80%
35970,80–95%
35971,Bottom 80%
35972,Bottom 80%
37327,Bottom 80%
37330,Bottom 80%
37333,Bottom 80%
37340,Bottom 80%
37342,Bottom 80%
37343,Bottom 80%
37351,Bottom 80%
37370,80–95%
37379A,Bottom 80%
37413,Bottom 80%
37423,Bottom 80%
37444A,Bottom 80%
37444B,Bottom 80%
37444C,Bottom 80%
37446,Bottom 80%
37447,Bottom 80%
37448,Bottom 80%
37449,80–95%
37450,Bottom 80%
37461,Bottom 80%
37462E,Bottom 80%
37464,Bottom 80%
37467,Bottom 80%
37468,Bottom 80%
37471,Bottom 80%
37474,Bottom 80%
37475,Bottom 80%
37476,Bottom 80%
37479B,Bottom 80%
37479P,Bottom 80%
37482P,Bottom 80%
37487B,Bottom 80%
37488A,Bottom 80%
37489A,Bottom 80%
37489B,Bottom 80%
37489C,Bottom 80%
37489D,Bottom 80%
37491A,Bottom 80%
37491B,Bottom 80%
37491C,Bottom 80%
37491D,Bottom 80%
37495,Bottom 80%
37500,Bottom 80%
37501,Bottom 80%
37503,Bottom 80%
37509,Bottom 80%
40001,Bottom 80%
40003,Bottom 80%
40005B,Bottom 80%
40016,Bottom 80%
40046A,Bottom 80%
44089A,Bottom 80%
44089C,Bottom 80%
44091A,Bottom 80%
44092B,Bottom 80%
44092C,Bottom 80%
44228,Bottom 80%
44234,Bottom 80%
44235,Bottom 80%
44236,Bottom 80%
44242A,Bottom 80%
44242B,Bottom 80%
44265,Bottom 80%
45013,Bottom 80%
46000M,Bottom 80%
46000P,Bottom 80%
46000R,Bottom 80%
46000S,Bottom 80%
46000U,Bottom 80%
46115B,Bottom 80%
46118,Bottom 80%
46126A,Bottom 80%
46138B,Bottom 80%
46775D,Bottom 80%
46776A,Bottom 80%
46776B,Bottom 80%
46776C,Bottom 80%
46776D,Bottom 80%
46776E,Bottom 80%
46776F,Bottom 80%
47013A,Bottom 80%
47013C,Bottom 80%
47016,Bottom 80%
47021G,Bottom 80%
47310M,Bottom 80%
47341A,Bottom 80%
47341B,Bottom 80%
47343A,Bottom 80%
47344B,Bottom 80%
47348A,Bottom 80%
47351B,Bottom 80%
47367B,Bottom 80%
47369A,Bottom 80%
47369B,Bottom 80%
47420,Bottom 80%
47421,Bottom 80%
47422,Bottom 80%
47469,Bottom 80%
47471,Bottom 80%
47480,Bottom 80%
47481,Bottom 80%
47503A,Bottom 80%
47503H,Bottom 80%
47503J,Bottom 80%
47504H,Bottom 80%
47504K,Bottom 80%
47518F,Bottom 80%
47556B,80–95%
47559B,Bottom 80%
47563A,Bottom 80%
47566,Top 1%
47566B,80–95%
47567B,80–95%
47570B,Bottom 80%
47574A,Bottom 80%
47574B,Bottom 80%
47578A,Bottom 80%
47579,Bottom 80%
47580,Bottom 80%
47585A,Bottom 80%
47586A,Bottom 80%
47589,Bottom 80%
47590A,80–95%
47590B,95–99%
47591B,Bottom 80%
47591D,80–95%
47593A,Bottom 80%
47593B,Bottom 80%
47594A,Bottom 80%
47594B,Bottom 80%
47599A,80–95%
47599B,Bottom 80%
48111,80–95%
48116,80–95%
48129,80–95%
48138,95–99%
48173C,80–95%
48184,95–99%
48185,95–99%
48187,95–99%
48188,95–99%
48189,Bottom 80%
48194,95–99%
51008,Bottom 80%
51014A,Bottom 80%
51014C,Bottom 80%
51014L,Bottom 80%
51020A,Bottom 80%
51020B,Bottom 80%
62018,80–95%
62043B,Bottom 80%
62074B,Bottom 80%
62086A,Bottom 80%
62094B,Bottom 80%
62096A,Bottom 80%
62096B,Bottom 80%
62097B,Bottom 80%
70006,Bottom 80%
70007,Bottom 80%
71038,Bottom 80%
71050,Bottom 80%
71053,80–95%
71101E,Bottom 80%
71143,Bottom 80%
71215,Bottom 80%
71270,Bottom 80%
71279,Bottom 80%
71403,Bottom 80%
71406C,Bottom 80%
71459,80–95%
71477,95–99%
71495A,Bottom 80%
71495B,Bottom 80%
71496A,Bottom 80%
71496B,Bottom 80%
71510,Bottom 80%
72024U,Bottom 80%
72051S,Bottom 80%
72122,Bottom 80%
72127,Bottom 80%
72128,Bottom 80%
72130,Bottom 80%
72131,Bottom 80%
72132,Bottom 80%
72133,Bottom 80%
72134,Bottom 80%
72140E,Bottom 80%
72225C,Bottom 80%
72232,Bottom 80%
72349B,Bottom 80%
72351A,Bottom 80%
72351B,80–95%
72369A,Bottom 80%
72586,Bottom 80%
72598,Bottom 80%
72709,Bottom 80%
72741,80–95%
72760B,80–95%
72780,Bottom 80%
72783,Bottom 80%
72798C,Bottom 80%
72799C,Bottom 80%
72799E,Bottom 80%
72799F,Bottom 80%
72800B,Bottom 80%
72800C,Bottom 80%
72800D,Bottom 80%
72800E,Bottom 80%
72801C,Bottom 80%
72801D,Bottom 80%
72801G,Bottom 80%
72802A,Bottom 80%
72802B,Bottom 80%
72802C,Bottom 80%
72803A,Bottom 80%
72803B,Bottom 80%
72807A,Bottom 80%
72807B,Bottom 80%
72807C,Bottom 80%
72811,Bottom 80%
72812,Bottom 80%
72815,Bottom 80%
72816,Bottom 80%
72817,Bottom 80%
72818,Bottom 80%
72819,Bottom 80%
72821,Bottom 80%
75011,Bottom 80%
75013B,Bottom 80%
75049L,80–95%
75131,Bottom 80%
75172,Bottom 80%
75178,Bottom 80%
77079,Bottom 80%
77101A,Bottom 80%
78033,Bottom 80%
78034B,Bottom 80%
78124,Bottom 80%
79000,80–95%
79026B,Bottom 80%
79030D,Bottom 80%
79030G,Bottom 80%
79051A,Bottom 80%
79062D,Bottom 80%
79063C,Bottom 80%
79063D,Bottom 80%
79066K,Bottom 80%
79067,Bottom 80%
79071B,Bottom 80%
79144B,Bottom 80%
79144C,Bottom 80%
79149B,Bottom 80%
79151B,Bottom 80%
79157B,Bottom 80%
79157V,Bottom 80%
79160,Bottom 80%
79161A,Bottom 80%
79163,Bottom 80%
79164,Bottom 80%
79190A,Bottom 80%
79190B,Bottom 80%
79190D,Bottom 80%
79191B,Bottom 80%
79191C,Bottom 80%
79191D,Bottom 80%
79192A,Bottom 80%
79302M,Bottom 80%
79320,Bottom 80%
79321,Top 1%
79323B,Bottom 80%
79323P,Bottom 80%
79323W,Bottom 80%
79329,Bottom 80%
79331,Bottom 80%
79336,Bottom 80%
79337,Bottom 80%
79403,Bottom 80%
79406,Bottom 80%
81950B,Bottom 80%
81950V,Bottom 80%
81952B,Bottom 80%
81952V,Bottom 80%
81953B,Bottom 80%
81953P,Bottom 80%
82001S,80–95%
82011A,Bottom 80%
82011B,Bottom 80%
82011C,Bottom 80%
82095,Bottom 80%
82482,95–99%
82483,95–99%
82484,Top 1%
82486,95–99%
82494L,95–99%
82551,80–95%
82552,80–95%
82567,Bottom 80%
82578,Bottom 80%
82580,80–95%
82581,Bottom 80%
82582,80–95%
82583,95–99%
82599,Bottom 80%
82600,95–99%
82605,Bottom 80%
82613A,Bottom 80%
82613B,Bottom 80%
82613C,Bottom 80%
82613D,Bottom 80%
82615,Bottom 80%
82616B,Bottom 80%
82616C,Bottom 80%
84006,Bottom 80%
84012,Bottom 80%
84016,Bottom 80%
84029E,95–99%
84029G,95–99%
84030E,80–95%
84031A,Bottom 80%
84031B,Bottom 80%
84032A,80–95%
84032B,Bottom 80%
84033,Bottom 80%
84050,80–95%
84051,Bottom 80%
84077,95–99%
84078A,95–99%
84086B,Bottom 80%
84086C,Bottom 80%
84192,Bottom 80%
84199,Bottom 80%
84201B,Bottom 80%
84201C,Bottom 80%
84206A,Bottom 80%
84206B,Bottom 80%
84206C,Bottom 80%
84212,80–95%
84218,Bottom 80%
84226,Bottom 80%
84227,Bottom 80%
84228,Bottom 80%
84231,Bottom 80%
84247E,Bottom 80%
84247G,Bottom 80%
84247K,Bottom 80%
84247L,Bottom 80%
84247N,Bottom 80%
84249A,Bottom 80%
84251B,Bottom 80%
84251C,Bottom 80%
84251G,Bottom 80%
84270,Bottom 80%
84279B,Bottom 80%
84279P,Bottom 80%
84306,Bottom 80%
84313B,Bottom 80%
84313C,Bottom 80%
84341B,Bottom 80%
84347,95–99%
84352,Bottom 80%
84356,Bottom 80%
84358,Bottom 80%
84360,Bottom 80%
84375,80–95%
84378,80–95%
84380,80–95%
84387A,Bottom 80%
84388,Bottom 80%
84402B,Bottom 80%
84406B,80–95%
84415A,Bottom 80%
84415B,Bottom 80%
84422,Bottom 80%
84429A,Bottom 80%
84452,Bottom 80%
84457,Bottom 80%
84459A,Bottom 80%
84459B,Bottom 80%
84461,Bottom 80%
84462,Bottom 80%
84465,Bottom 80%
84466,Bottom 80%
84497,Bottom 80%
84499,Bottom 80%
84507B,Bottom 80%
84507C,Bottom 80%
84508A,80–95%
84508B,Bottom 80%
84508C,Bottom 80%
84509A,80–95%
84509B,Bottom 80%
84509C,Bottom 80%
84509E,Bottom 80%
84509G,Bottom 80%
84510A,Bottom 80%
84510C,Bottom 80%
84510E,Bottom 80%
84519A,Bottom 80%
84519B,Bottom 80%
84520B,Bottom 80%
84522,Bottom 80%
84527,Bottom 80%
84531A,Bottom 80%
84531B,Bottom 80%
84534B,Bottom 80%
84535A,Bottom 80%
84535B,Bottom 80%
84536A,Bottom 80%
84536B,Bottom 80%
84539,Bottom 80%
84548,Bottom 80%
84549,Bottom 80%
84550,Bottom 80%
84551,Bottom 80%
84558A,Bottom 80%
84559A,Bottom 80%
84559B,Bottom 80%
84562A,Bottom 80%
84563A,Bottom 80%
84563B,Bottom 80%
84568,Bottom 80%
84569A,Bottom 80%
84569B,Bottom 80%
84569C,Bottom 80%
84569D,Bottom 80%
84575A,Bottom 80%
84576,Bottom 80%
84580,Bottom 80%
84581,Bottom 80%
84584,Bottom 80%
84592,Bottom 80%
84593,Bottom 80%
84595E,Bottom 80%
84596B,Bottom 80%
84596E,Bottom 80%
84596F,Bottom 80%
84596G,Bottom 80%
84596J,Bottom 80%
84596L,Bottom 80%
84597B,Bottom 80%
84597C,Bottom 80%
84598,Bottom 80%
84600,Bottom 80%
84609,Bottom 80%
84613A,Bottom 80%
84613C,Bottom 80%
84614A,Bottom 80%
84616,Bottom 80%
84617,Bottom 80%
84620,Bottom 80%
84625A,Bottom 80%
84625C,Bottom 80%
84629,Bottom 80%
84631,Bottom 80%
84632,Bottom 80%
84637,Bottom 80%
84638,Bottom 80%
84658,Bottom 80%
84659A,Bottom 80%
84660A,Bottom 80%
84660B,Bottom 80%
84660C,Bottom 80%
84661A,Bottom 80%
84661B,Bottom 80%
84661C,Bottom 80%
84663A,Bottom 80%
84665,Bottom 80%
84666,Bottom 80%
84673A,Bottom 80%
84673B,Bottom 80%
84674,Bottom 80%
84675,Bottom 80%
84678,Bottom 80%
84679,Bottom 80%
84683,Bottom 80%
84685,Bottom 80%
84686,Bottom 80%
84687,Bottom 80%
84688,Bottom 80%
84689,Bottom 80%
84691,Bottom 80%
84692,80–95%
84705C,Bottom 80%
84706D,Bottom 80%
84706F,Bottom 80%
84707A,Bottom 80%
84707B,Bottom 80%
84708B,Bottom 80%
84709B,Bottom 80%
84711A,Bottom 80%
84711B,Bottom 80%
84712B,Bottom 80%
84715,Bottom 80%
84723,Bottom 80%
84725,Bottom 80%
84731,Bottom 80%
84732B,Bottom 80%
84732D,Bottom 80%
84741C,Bottom 80%
84743C,Bottom 80%
84744,Bottom 80%
84745A,Bottom 80%
84745B,Bottom 80%
84746,Bottom 80%
84748,Bottom 80%
84750A,Bottom 80%
84750B,Bottom 80%
84751B,Bottom 80%
84754,Bottom 80%
84755,80–95%
84760S,Bottom 80%
84763,Bottom 80%
84766,Bottom 80%
84773,Bottom 80%
84789,Bottom 80%
84792,80–95%
84795B,Bottom 80%
84795C,Bottom 80%
84796A,Bottom 80%
84796B,Bottom 80%
84798A,Bottom 80%
84798B,Bottom 80%
84799,Bottom 80%
84800L,Bottom 80%
84800M,Bottom 80%
84800S,Bottom 80%
84801A,Bottom 80%
84801B,Bottom 80%
84802A,Bottom 80%
84802B,Bottom 80%
84803A,Bottom 80%
84803B,Bottom 80%
84804A,Bottom 80%
84804B,Bottom 80%
84805A,Bottom 80%
84805B,Bottom 80%
84806A,Bottom 80%
84806B,Bottom 80%
84809A,Bottom 80%
84809B,Bottom 80%
84813,Bottom 80%
84816,Bottom 80%
84817,Bottom 80%
84818,Bottom 80%
84819,Bottom 80%
84820,Bottom 80%
84821,Bottom 80%
84823,Bottom 80%
84824,Bottom 80%
84826,Bottom 80%
84827,Bottom 80%
84828,Bottom 80%
84832,Bottom 80%
84836,80–95%
84839,Bottom 80%
84840,Bottom 80%
84842,Bottom 80%
84843,Bottom 80%
84846A,Bottom 80%
84847,Bottom 80%
84849A,Bottom 80%
84849B,Bottom 80%
84849D,Bottom 80%
84854,Bottom 80%
84856L,Bottom 80%
84856S,Bottom 80%
84857B,Bottom 80%
84857C,Bottom 80%
84858C,Bottom 80%
84859A,Bottom 80%
84859B,Bottom 80%
84859C,Bottom 80%
84865,Bottom 80%
84870B,Bottom 80%
84870C,Bottom 80%
84872A,Bottom 80%
84873A,Bottom 80%
84874B,Bottom 80%
84875B,Bottom 80%
84875D,Bottom 80%
84876B,Bottom 80%
84876D,Bottom 80%
84877A,Bottom 80%
84877B,Bottom 80%
84877D,Bottom 80%
84879,Top 1%
84880,Bottom 80%
84881,Bottom 80%
84882,Bottom 80%
84884A,Bottom 80%
84898F,Bottom 80%
84905,Bottom 80%
84906,Bottom 80%
84907,Bottom 80%
84910A,Bottom 80%
84912A,Bottom 80%
84912B,Bottom 80%
84913A,Bottom 80%
84913B,Bottom 80%
84915,Bottom 80%
84916,Bottom 80%
84917,Bottom 80%
84919,Bottom 80%
84920,Bottom 80%
84921,Bottom 80%
84922,Bottom 80%
84923,Bottom 80%
84924A,Bottom 80%
84924F,Bottom 80%
84925D,Bottom 80%
84925F,Bottom 80%
84926A,Bottom 80%
84926D,Bottom 80%
84926E,Bottom 80%
84926F,Bottom 80%
84927A,Bottom 80%
84927D,Bottom 80%
84927E,Bottom 80%
84927F,Bottom 80%
84929,Bottom 80%
84931A,Bottom 80%
84931B,Bottom 80%
84944,Bottom 80%
84945,80–95%
84946,95–99%
84947,80–95%
84949,80–95%
84950,Bottom 80%
84951A,Bottom 80%
84951B,Bottom 80%
84952A,Bottom 80%
84952B,Bottom 80%
84952C,Bottom 80%
84963A,Bottom 80%
84963B,Bottom 80%
84968A,80–95%
84968B,Bottom 80%
84968C,80–95%
84968D,Bottom 80%
84968E,Bottom 80%
84968F,Bottom 80%
84969,Bottom 80%
84970L,80–95%
84970S,80–95%
84971L,Bottom 80%
84971S,Bottom 80%
84974,Bottom 80%
84975,Bottom 80%
84976,Bottom 80%
84977,Bottom 80%
84978,95–99%
84984A,Bottom 80%
84984B,Bottom 80%
84984D,Bottom 80%
84985A,Bottom 80%
84987,80–95%
84988,80–95%
84989A,Bottom 80%
84990,Bottom 80%
84991,80–95%
84992,80–95%
84993A,Bottom 80%
84993B,Bottom 80%
84997A,80–95%
84997B,95–99%
84997C,95–99%
84997D,95–99%
85006,Bottom 80%
85008,Bottom 80%
85014A,80–95%
85014B,95–99%
85015,Bottom 80%
85016,Bottom 80%
85017A,Bottom 80%
85017B,Bottom 80%
85017C,Bottom 80%
85018D,Bottom 80%
85019A,Bottom 80%
85019B,Bottom 80%
85019C,Bottom 80%
85020,Bottom 80%
85023B,Bottom 80%
85023C,Bottom 80%
85024B,Bottom 80%
85024C,Bottom 80%
85025B,Bottom 80%
85025C,Bottom 80%
85026B,Bottom 80%
85027L,Bottom 80%
85028L,Bottom 80%
85028S,Bottom 80%
85030,Bottom 80%
85031A,Bottom 80%
85031B,Bottom 80%
85031C,Bottom 80%
85032A,Bottom 80%
85032B,Bottom 80%
85032C,Bottom 80%
85032D,Bottom 80%
85034A,Bottom 80%
85034B,Bottom 80%
85034C,Bottom 80%
85035A,Bottom 80%
85035B,Bottom 80%
85035C,Bottom 80%
85036A,Bottom 80%
85036B,Bottom 80%
85036C,Bottom 80%
85038,Bottom 80%
85039A,Bottom 80%
85039B,Bottom 80%
85039C,Bottom 80%
85040A,Bottom 80%
85040B,Bottom 80%
85042,Bottom 80%
85045,Bottom 80%
85047,Bottom 80%
85048,80–95%
85049A,80–95%
85049B,Bottom 80%
85049C,Bottom 80%
85049D,Bottom 80%
85049E,80–95%
85049F,Bottom 80%
85049G,Bottom 80%
85049H,Bottom 80%
85053,80–95%
85054,Bottom 80%
85055,Bottom 80%
85059,Bottom 80%
85061W,Bottom 80%
85062,Bottom 80%
85063,Bottom 80%
85064,Bottom 80%
85065,Bottom 80%
85066,95–99%
85067,Bottom 80%
85068,Bottom 80%
85071A,Bottom 80%
85071B,Bottom 80%
85071C,Bottom 80%
85071D,Bottom 80%
85078,Bottom 80%
85084,Bottom 80%
85086A,Bottom 80%
85087,Bottom 80%
85088,Bottom 80%
85089,Bottom 80%
85092,Bottom 80%
85093,Bottom 80%
85094,Bottom 80%
85095,Bottom 80%
85096,Bottom 80%
85098B,Bottom 80%
85099B,Top 1%
85099C,Top 1%
85099F,Top 1%
85103,Bottom 80%
85104,Bottom 80%
85106,Bottom 80%
85107,Bottom 80%
85109,Bottom 80%
85111,Bottom 80%
85114A,Bottom 80%
85114B,Bottom 80%
85114C,Bottom 80%
85115B,Bottom 80%
85116,Bottom 80%
85118,Bottom 80%
85119,Bottom 80%
85123A,Top 1%
85124B,Bottom 80%
85124C,Bottom 80%
85125,Bottom 80%
85126,Bottom 80%
85127,Bottom 80%
85129B,Bottom 80%
85129C,Bottom 80%
85129D,Bottom 80%
85130A,Bottom 80%
85130B,Bottom 80%
85130C,Bottom 80%
85130D,Bottom 80%
85131A,Bottom 80%
85131B,Bottom 80%
85131C,Bottom 80%
85131D,Bottom 80%
85132A,Bottom 80%
85132B,Bottom 80%
85132C,80–95%
85135A,Bottom 80%
85135B,Bottom 80%
85135C,Bottom 80%
85136A,Bottom 80%
85136B,Bottom 80%
85136C,Bottom 80%
85141,Bottom 80%
85144,Bottom 80%
85145,Bottom 80%
85146,Bottom 80%
85150,80–95%
85152,95–99%
85159A,Bottom 80%
85159B,Bottom 80%
85160A,Bottom 80%
85160B,Bottom 80%
85161,Bottom 80%
85163A,Bottom 80%
85163B,Bottom 80%
85167B,Bottom 80%
85168B,Bottom 80%
85169A,Bottom 80%
85169B,Bottom 80%
85169C,Bottom 80%
85169D,Bottom 80%
85170A,Bottom 80%
85170B,Bottom 80%
85170C,Bottom 80%
85170D,Bottom 80%
85172,Bottom 80%
85173,Bottom 80%
85174,Bottom 80%
85175,Bottom 80%
85176,Bottom 80%
85177,Bottom 80%
85178,Bottom 80%
85179A,Bottom 80%
85179C,Bottom 80%
85180A,Bottom 80%
85180B,Bottom 80%
85183A,Bottom 80%
85183B,Bottom 80%
85184C,Bottom 80%
85185B,Bottom 80%
85185D,Bottom 80%
85186A,Bottom 80%
85186C,Bottom 80%
85187,Bottom 80%
85188A,Bottom 80%
85188B,Bottom 80%
85189,Bottom 80%
85194L,Bottom 80%
85194S,Bottom 80%
85195,Bottom 80%
85197,Bottom 80%
85198,Bottom 80%
85199L,Bottom 80%
85199S,Bottom 80%
85200,Bottom 80%
85202,Bottom 80%
85203,Bottom 80%
85204,Bottom 80%
85205B,Bottom 80%
85206A,Bottom 80%
85206B,Bottom 80%
85208,Bottom 80%
85211,Bottom 80%
85212,Bottom 80%
85213,Bottom 80%
85214,Bottom 80%
85215,Bottom 80%
85216,Bottom 80%
85224,Bottom 80%
85225,Bottom 80%
85227,Bottom 80%
85230A,Bottom 80%
85230B,Bottom 80%
85230E,Bottom 80%
85230F,Bottom 80%
85230G,Bottom 80%
85231B,Bottom 80%
85231G,Bottom 80%
85232A,Bottom 80%
85232B,Bottom 80%
85232D,Bottom 80%
90000A,Bottom 80%
90000B,Bottom 80%
90000D,Bottom 80%
90001A,Bottom 80%
90001B,Bottom 80%
90001C,Bottom 80%
90001D,Bottom 80%
90002D,Bottom 80%
90003B,Bottom 80%
90003C,Bottom 80%
90003D,Bottom 80%
90003E,Bottom 80%
90005A,Bottom 80%
90010A,Bottom 80%
90010B,Bottom 80%
90010E,Bottom 80%
90011A,Bottom 80%
90011B,Bottom 80%
90011C,Bottom 80%
90011D,Bottom 80%
90011E,Bottom 80%
90012A,Bottom 80%
90012B,Bottom 80%
90013A,Bottom 80%
90013B,Bottom 80%
90013C,Bottom 80%
90013D,Bottom 80%
90014A,Bottom 80%
90014B,Bottom 80%
90014C,Bottom 80%
90016A,Bottom 80%
90016B,Bottom 80%
90016C,Bottom 80%
90018A,Bottom 80%
90018B,Bottom 80%
90018C,Bottom 80%
90019A,Bottom 80%
90019B,Bottom 80%
90019C,Bottom 80%
90020,Bottom 80%
90021,Bottom 80%
90022,Bottom 80%
90023,Bottom 80%
90024B,Bottom 80%
90024C,Bottom 80%
90024D,Bottom 80%
90024E,Bottom 80%
90024F,Bottom 80%
90025A,Bottom 80%
90025B,Bottom 80%
90025D,Bottom 80%
90025E,Bottom 80%
90025F,Bottom 80%
90026A,Bottom 80%
90026B,Bottom 80%
90026C,Bottom 80%
90026D,Bottom 80%
90027A,Bottom 80%
90027B,Bottom 80%
90027C,Bottom 80%
90027D,Bottom 80%
90028,Bottom 80%
90029,Bottom 80%
90030A,Bottom 80%
90030B,Bottom 80%
90030C,Bottom 80%
90031,Bottom 80%
90032,Bottom 80%
90033,Bottom 80%
90034,Bottom 80%
90035A,Bottom 80%
90035C,Bottom 80%
90036A,Bottom 80%
90036B,Bottom 80%
90036C,Bottom 80%
90036D,Bottom 80%
90036E,Bottom 80%
90036F,Bottom 80%
90037A,Bottom 80%
90037B,Bottom 80%
90037C,Bottom 80%
90038A,Bottom 80%
90038B,Bottom 80%
90038C,Bottom 80%
90039A,Bottom 80%
90039B,Bottom 80%
90039C,Bottom 80%
90039D,Bottom 80%
90040A,Bottom 80%
90040B,Bottom 80%
90040C,Bottom 80%
90041,Bottom 80%
90042A,Bottom 80%
90042C,Bottom 80%
90043,Bottom 80%
90046,Bottom 80%
90048,Bottom 80%
90049,Bottom 80%
90050,Bottom 80%
90051,Bottom 80%
90052,Bottom 80%
90053,Bottom 80%
90054,Bottom 80%
90055,Bottom 80%
90056,Bottom 80%
90057,Bottom 80%
90058A,Bottom 80%
90058B,Bottom 80%
90059A,Bottom 80%
90059B,Bottom 80%
90059C,Bottom 80%
90059D,Bottom 80%
90059E,Bottom 80%
90059F,Bottom 80%
90060B,Bottom 80%
90060D,Bottom 80%
90060F,Bottom 80%
90062,Bottom 80%
90063A,Bottom 80%
90063B,Bottom 80%
90064A,Bottom 80%
90064B,Bottom 80%
90065A,Bottom 80%
90065B,Bottom 80%
90067A,Bottom 80%
90067B,Bottom 80%
90068,Bottom 80%
90069,Bottom 80%
90070,Bottom 80%
90071,Bottom 80%
90072,Bottom 80%
90073,Bottom 80%
90074,Bottom 80%
90075,Bottom 80%
90076,Bottom 80%
90077,Bottom 80%
90078,Bottom 80%
90079,Bottom 80%
90081A,Bottom 80%
90081B,Bottom 80%
90081C,Bottom 80%
90082A,Bottom 80%
90082B,Bottom 80%
90082D,Bottom 80%
90083,Bottom 80%
90084,Bottom 80%
90085,Bottom 80%
90086,Bottom 80%
90087,Bottom 80%
90089,Bottom 80%
90092,Bottom 80%
90093,Bottom 80%
90094,Bottom 80%
90096,Bottom 80%
90098,Bottom 80%
90099,Bottom 80%
90100,Bottom 80%
90101,Bottom 80%
90102,Bottom 80%
90103,Bottom 80%
90104,Bottom 80%
90108,Bottom 80%
90112,Bottom 80%
90114,Bottom 80%
90115,Bottom 80%
90116,Bottom 80%
90118,Bottom 80%
90119,Bottom 80%
90120A,Bottom 80%
90120B,Bottom 80%
90120C,Bottom 80%
90120D,Bottom 80%
90122A,Bottom 80%
90122B,Bottom 80%
90122C,Bottom 80%
90123A,Bottom 80%
90123B,Bottom 80%
90123C,Bottom 80%
90123D,Bottom 80%
90124A,Bottom 80%
90124B,Bottom 80%
90124C,Bottom 80%
90125A,Bottom 80%
90125B,Bottom 80%
90125C,Bottom 80%
90125D,Bottom 80%
90125E,Bottom 80%
90126A,Bottom 80%
90126C,Bottom 80%
90127A,Bottom 80%
90128A,Bottom 80%
90128B,Bottom 80%
90128C,Bottom 80%
90128D,Bottom 80%
90129A,Bottom 80%
90129B,Bottom 80%
90129C,Bottom 80%
90129D,Bottom 80%
90129E,Bottom 80%
90129F,Bottom 80%
90130A,Bottom 80%
90130B,Bottom 80%
90130C,Bottom 80%
90130D,Bottom 80%
90131,Bottom 80%
90132,Bottom 80%
90133,Bottom 80%
90134,Bottom 80%
90135,Bottom 80%
90135A,Bottom 80%
90136,Bottom 80%
90137,Bottom 80%
90138,Bottom 80%
90140,Bottom 80%
90141A,Bottom 80%
90141B,Bottom 80%
90141C,Bottom 80%
90141D,Bottom 80%
90141E,Bottom 80%
90142A,Bottom 80%
90142D,Bottom 80%
90143,Bottom 80%
90144,Bottom 80%
90145,Bottom 80%
90146,Bottom 80%
90147,Bottom 80%
90148,Bottom 80%
90149,Bottom 80%
90151,Bottom 80%
90152A,Bottom 80%
90152B,Bottom 80%
90152C,Bottom 80%
90154,Bottom 80%
90155,Bottom 80%
90156,Bottom 80%
90157,Bottom 80%
90158,Bottom 80%
90159,Bottom 80%
90160A,Bottom 80%
90160B,Bottom 80%
90160C,Bottom 80%
90160D,Bottom 80%
90161A,Bottom 80%
90161B,Bottom 80%
90161C,Bottom 80%
90161D,Bottom 80%
90162A,Bottom 80%
90162B,Bottom 80%
90162C,Bottom 80%
90162D,Bottom 80%
90163A,Bottom 80%
90163B,Bottom 80%
90164A,Bottom 80%
90164B,Bottom 80%
90165A,Bottom 80%
90165B,Bottom 80%
90166,Bottom 80%
90167,Bottom 80%
90168,Bottom 80%
90169,Bottom 80%
90170,Bottom 80%
90173,Bottom 80%
90174,Bottom 80%
90175A,Bottom 80%
90175B,Bottom 80%
90175C,Bottom 80%
90175D,Bottom 80%
90176A,Bottom 80%
90176B,Bottom 80%
90176C,Bottom 80%
90176D,Bottom 80%
90176E,Bottom 80%
90177A,Bottom 80%
90177B,Bottom 80%
90177C,Bottom 80%
90177D,Bottom 80%
90177E,Bottom 80%
90178A,Bottom 80%
90178B,Bottom 80%
90179A,Bottom 80%
90179B,Bottom 80%
90179C,Bottom 80%
90180A,Bottom 80%
90180B,Bottom 80%
90181A,Bottom 80%
90181B,Bottom 80%
90181C,Bottom 80%
90182A,Bottom 80%
90182B,Bottom 80%
90182C,Bottom 80%
90183A,Bottom 80%
90183B,Bottom 80%
90183C,Bottom 80%
90184A,Bottom 80%
90184B,Bottom 80%
90184C,Bottom 80%
90185A,Bottom 80%
90185B,Bottom 80%
90185C,Bottom 80%
90185D,Bottom 80%
90186A,Bottom 80%
90186B,Bottom 80%
90187A,Bottom 80%
90187B,Bottom 80%
90188,Bottom 80%
90189A,Bottom 80%
90190A,Bottom 80%
90190B,Bottom 80%
90190C,Bottom 80%
90191,Bottom 80%
90192,Bottom 80%
90194,Bottom 80%
90195A,Bottom 80%
90195B,Bottom 80%
90196A,Bottom 80%
90196B,Bottom 80%
90197B,Bottom 80%
90198A,Bottom 80%
90198B,Bottom 80%
90199A,Bottom 80%
90199B,Bottom 80%
90199C,Bottom 80%
90199D,Bottom 80%
90200A,Bottom 80%
90200B,Bottom 80%
90200C,Bottom 80%
90200D,Bottom 80%
90200E,Bottom 80%
90201A,Bottom 80%
90201B,Bottom 80%
90201C,Bottom 80%
90201D,Bottom 80%
90202A,Bottom 80%
90202B,Bottom 80%
90202C,Bottom 80%
90202D,Bottom 80%
90204,Bottom 80%
90205A,Bottom 80%
90205C,Bottom 80%
90206A,Bottom 80%
90206C,Bottom 80%
90208,Bottom 80%
90209A,Bottom 80%
90209B,Bottom 80%
90209C,Bottom 80%
90210A,Bottom 80%
90210B,Bottom 80%
90210C,Bottom 80%
90210D,Bottom 80%
90211A,Bottom 80%
90211B,Bottom 80%
90212B,Bottom 80%
90212C,Bottom 80%
90214A,Bottom 80%
90214B,Bottom 80%
90214C,Bottom 80%
90214D,Bottom 80%
90214E,Bottom 80%
90214F,Bottom 80%
90214G,Bottom 80%
90214H,Bottom 80%
90214I,Bottom 80%
90214J,Bottom 80%
90214K,Bottom 80%
90214L,Bottom 80%
90214M,Bottom 80%
90214N,Bottom 80%
90214O,Bottom 80%
90214P,Bottom 80%
90214R,Bottom 80%
90214S,Bottom 80%
90214T,Bottom 80%
90214U,Bottom 80%
90214V,Bottom 80%
90214W,Bottom 80%
90214Y,Bottom 80%
90214Z,Bottom 80%
DCGS0003,Bottom 80%
DCGS0004,Bottom 80%
DCGS0069,Bottom 80%
DCGS0070,Bottom 80%
DCGS0076,Bottom 80%
DCGSSBOY,Bottom 80%
DCGSSGIRL,Bottom 80%
